Backup failed for Site library.localhost. Database or site_config.json may be corrupted
Traceback with variables (most recent call last):
  File "apps/frappe/frappe/commands/site.py", line 845, in backup
    odb = scheduled_backup(
      context = {'sites': ['library.localhost'], 'force': False, 'verbose': True, 'profile': False}
      with_files = False
      backup_path = None
      backup_path_db = None
      backup_path_files = None
      backup_path_private_files = None
      backup_path_conf = None
      ignore_backup_conf = False
      verbose = True
      compress = False
      include = ''
      exclude = ''
      old_backup_metadata = False
      scheduled_backup = <function scheduled_backup at 0x10926df80>
      exit_code = 0
      rollback_callback = None
      site = 'library.localhost'
  File "apps/frappe/frappe/utils/backups.py", line 568, in scheduled_backup
    return new_backup(
      older_than = 6
      ignore_files = True
      backup_path = None
      backup_path_db = None
      backup_path_files = None
      backup_path_private_files = None
      backup_path_conf = None
      ignore_conf = False
      include_doctypes = ''
      exclude_doctypes = ''
      compress = False
      force = True
      verbose = True
      old_backup_metadata = False
      rollback_callback = <frappe.utils.CallbackManager object at 0x109866020>
  File "apps/frappe/frappe/utils/backups.py", line 626, in new_backup
    odb.get_backup(older_than, ignore_files, force=force)
      older_than = 6
      ignore_files = True
      backup_path = None
      backup_path_db = None
      backup_path_files = None
      backup_path_private_files = None
      backup_path_conf = None
      ignore_conf = False
      include_doctypes = ''
      exclude_doctypes = ''
      compress = False
      force = True
      verbose = True
      old_backup_metadata = False
      rollback_callback = <frappe.utils.CallbackManager object at 0x109866020>
      odb = <frappe.utils.backups.BackupGenerator object at 0x1098660c0>
  File "apps/frappe/frappe/utils/backups.py", line 195, in get_backup
    self.delete_if_step_fails(self.take_dump, self.backup_path_db)
      self = <frappe.utils.backups.BackupGenerator object at 0x1098660c0>
      older_than = 6
      ignore_files = True
      force = True
      last_db = False
      last_file = False
      last_private_file = False
      site_config_backup_path = False
  File "apps/frappe/frappe/utils/backups.py", line 520, in delete_if_step_fails
    raise e
      self = <frappe.utils.backups.BackupGenerator object at 0x1098660c0>
      step = <bound method BackupGenerator.take_dump of <frappe.utils.backups.BackupGenerator object at 0x1098660c0>>
      paths = ('./library.localhost/private/backups/20251102_060157-library_localhost-database.sql.gz',)
      path = './library.localhost/private/backups/20251102_060157-library_localhost-database.sql.gz'
  File "apps/frappe/frappe/utils/backups.py", line 515, in delete_if_step_fails
    step()
      self = <frappe.utils.backups.BackupGenerator object at 0x1098660c0>
      step = <bound method BackupGenerator.take_dump of <frappe.utils.backups.BackupGenerator object at 0x1098660c0>>
      paths = ('./library.localhost/private/backups/20251102_060157-library_localhost-database.sql.gz',)
      path = './library.localhost/private/backups/20251102_060157-library_localhost-database.sql.gz'
  File "apps/frappe/frappe/utils/backups.py", line 457, in take_dump
    frappe.throw(
      self = <frappe.utils.backups.BackupGenerator object at 0x1098660c0>
      shlex = <module 'shlex' from '/opt/homebrew/Cellar/python@3.12/3.12.12/Frameworks/Python.framework/Versions/3.12/lib/python3.12/shlex.py'>
      frappe = <module 'frappe' from 'apps/frappe/frappe/__init__.py'>
      get_app_branch = <function get_app_branch at 0x108394900>
      gzip_exc = '/usr/bin/gzip'
      database_header_content = ['begin frappe metadata', '[frappe]', 'version = 15.87.0', 'branch = version-15', 'end frappe metadata', '']
      generated_header = '-- begin frappe metadata\n-- [frappe]\n-- version = 15.87.0\n-- branch = version-15\n-- end frappe metadata\n-- \n'
      f = <_io.TextIOWrapper name='./library.localhost/private/backups/20251102_060157-library_localhost-database.sql.gz' encoding='UTF-8'>
      cmd = []
      extra = []
      get_command = <function get_command at 0x1096b77e0>
      bin = None
      args = ['--user=_58d531ad53e13d6a', '--host=127.0.0.1', '--port=3306', '--password=t0jJtMbwgZ4YaVIQ', '--single-transaction', '--quick', '--lock-tables=false', '_58d531ad53e13d6a']
      bin_name = 'mariadb-dump'
  File "apps/frappe/frappe/__init__.py", line 609, in throw
    msgprint(
      msg = 'mariadb-dump not found in PATH! This is required to take a backup.'
      exc = <class 'frappe.exceptions.ExecutableNotFound'>
      title = None
      is_minimizable = False
      wide = False
      as_list = False
      primary_action = None
  File "apps/frappe/frappe/__init__.py", line 574, in msgprint
    _raise_exception()
      msg = 'mariadb-dump not found in PATH! This is required to take a backup.'
      title = None
      raise_exception = <class 'frappe.exceptions.ExecutableNotFound'>
      as_table = False
      as_list = False
      indicator = 'red'
      alert = False
      primary_action = None
      is_minimizable = False
      wide = False
      realtime = False
      sys = <module 'sys' (built-in)>
      _raise_exception = <function msgprint.<locals>._raise_exception at 0x1083947c0>
      inspect = <module 'inspect' from '/opt/homebrew/Cellar/python@3.12/3.12.12/Frameworks/Python.framework/Versions/3.12/lib/python3.12/inspect.py'>
      out = {'message': 'mariadb-dump not found in PATH! This is required to take a backup.', 'title': 'Message', 'indicator': 'red', 'raise_exception': 1, '__frappe_exc_id': '480d647ffe3c80f5001e0d3c307790538af36b5284310a439eee2bb5'}
  File "apps/frappe/frappe/__init__.py", line 525, in _raise_exception
    raise exc
      exc = ExecutableNotFound('mariadb-dump not found in PATH! This is required to take a backup.')
      inspect = <module 'inspect' from '/opt/homebrew/Cellar/python@3.12/3.12.12/Frameworks/Python.framework/Versions/3.12/lib/python3.12/inspect.py'>
      msg = 'mariadb-dump not found in PATH! This is required to take a backup.'
      out = {'message': 'mariadb-dump not found in PATH! This is required to take a backup.', 'title': 'Message', 'indicator': 'red', 'raise_exception': 1, '__frappe_exc_id': '480d647ffe3c80f5001e0d3c307790538af36b5284310a439eee2bb5'}
      raise_exception = <class 'frappe.exceptions.ExecutableNotFound'>
frappe.exceptions.ExecutableNotFound: mariadb-dump not found in PATH! This is required to take a backup.
Backup failed for Site crm.localhost. Database or site_config.json may be corrupted
Traceback with variables (most recent call last):
  File "apps/frappe/frappe/commands/site.py", line 845, in backup
    odb = scheduled_backup(
      context = {'sites': ['crm.localhost', 'insights.localhost', 'library.localhost'], 'force': False, 'verbose': True, 'profile': False}
      with_files = False
      backup_path = None
      backup_path_db = None
      backup_path_files = None
      backup_path_private_files = None
      backup_path_conf = None
      ignore_backup_conf = False
      verbose = True
      compress = False
      include = ''
      exclude = ''
      old_backup_metadata = False
      scheduled_backup = <function scheduled_backup at 0x10aea6200>
      exit_code = 0
      rollback_callback = None
      site = 'crm.localhost'
  File "apps/frappe/frappe/utils/backups.py", line 568, in scheduled_backup
    return new_backup(
      older_than = 6
      ignore_files = True
      backup_path = None
      backup_path_db = None
      backup_path_files = None
      backup_path_private_files = None
      backup_path_conf = None
      ignore_conf = False
      include_doctypes = ''
      exclude_doctypes = ''
      compress = False
      force = True
      verbose = True
      old_backup_metadata = False
      rollback_callback = <frappe.utils.CallbackManager object at 0x10b493b20>
  File "apps/frappe/frappe/utils/backups.py", line 626, in new_backup
    odb.get_backup(older_than, ignore_files, force=force)
      older_than = 6
      ignore_files = True
      backup_path = None
      backup_path_db = None
      backup_path_files = None
      backup_path_private_files = None
      backup_path_conf = None
      ignore_conf = False
      include_doctypes = ''
      exclude_doctypes = ''
      compress = False
      force = True
      verbose = True
      old_backup_metadata = False
      rollback_callback = <frappe.utils.CallbackManager object at 0x10b493b20>
      odb = <frappe.utils.backups.BackupGenerator object at 0x10b493bc0>
  File "apps/frappe/frappe/utils/backups.py", line 195, in get_backup
    self.delete_if_step_fails(self.take_dump, self.backup_path_db)
      self = <frappe.utils.backups.BackupGenerator object at 0x10b493bc0>
      older_than = 6
      ignore_files = True
      force = True
      last_db = False
      last_file = False
      last_private_file = False
      site_config_backup_path = False
  File "apps/frappe/frappe/utils/backups.py", line 520, in delete_if_step_fails
    raise e
      self = <frappe.utils.backups.BackupGenerator object at 0x10b493bc0>
      step = <bound method BackupGenerator.take_dump of <frappe.utils.backups.BackupGenerator object at 0x10b493bc0>>
      paths = ('./crm.localhost/private/backups/20251102_120001-crm_localhost-database.sql.gz',)
      path = './crm.localhost/private/backups/20251102_120001-crm_localhost-database.sql.gz'
  File "apps/frappe/frappe/utils/backups.py", line 515, in delete_if_step_fails
    step()
      self = <frappe.utils.backups.BackupGenerator object at 0x10b493bc0>
      step = <bound method BackupGenerator.take_dump of <frappe.utils.backups.BackupGenerator object at 0x10b493bc0>>
      paths = ('./crm.localhost/private/backups/20251102_120001-crm_localhost-database.sql.gz',)
      path = './crm.localhost/private/backups/20251102_120001-crm_localhost-database.sql.gz'
  File "apps/frappe/frappe/utils/backups.py", line 457, in take_dump
    frappe.throw(
      self = <frappe.utils.backups.BackupGenerator object at 0x10b493bc0>
      shlex = <module 'shlex' from '/opt/homebrew/Cellar/python@3.12/3.12.12/Frameworks/Python.framework/Versions/3.12/lib/python3.12/shlex.py'>
      frappe = <module 'frappe' from 'apps/frappe/frappe/__init__.py'>
      get_app_branch = <function get_app_branch at 0x109fd0900>
      gzip_exc = '/usr/bin/gzip'
      database_header_content = ['begin frappe metadata', '[frappe]', 'version = 15.87.0', 'branch = version-15', 'end frappe metadata', '']
      generated_header = '-- begin frappe metadata\n-- [frappe]\n-- version = 15.87.0\n-- branch = version-15\n-- end frappe metadata\n-- \n'
      f = <_io.TextIOWrapper name='./crm.localhost/private/backups/20251102_120001-crm_localhost-database.sql.gz' encoding='UTF-8'>
      cmd = []
      extra = []
      get_command = <function get_command at 0x10b2ffa60>
      bin = None
      args = ['--user=_9814a4929be7d80c', '--host=127.0.0.1', '--port=3306', '--password=zQIkcR46Jtuxaaxx', '--single-transaction', '--quick', '--lock-tables=false', '_9814a4929be7d80c']
      bin_name = 'mariadb-dump'
  File "apps/frappe/frappe/__init__.py", line 609, in throw
    msgprint(
      msg = 'mariadb-dump not found in PATH! This is required to take a backup.'
      exc = <class 'frappe.exceptions.ExecutableNotFound'>
      title = None
      is_minimizable = False
      wide = False
      as_list = False
      primary_action = None
  File "apps/frappe/frappe/__init__.py", line 574, in msgprint
    _raise_exception()
      msg = 'mariadb-dump not found in PATH! This is required to take a backup.'
      title = None
      raise_exception = <class 'frappe.exceptions.ExecutableNotFound'>
      as_table = False
      as_list = False
      indicator = 'red'
      alert = False
      primary_action = None
      is_minimizable = False
      wide = False
      realtime = False
      sys = <module 'sys' (built-in)>
      _raise_exception = <function msgprint.<locals>._raise_exception at 0x109fd07c0>
      inspect = <module 'inspect' from '/opt/homebrew/Cellar/python@3.12/3.12.12/Frameworks/Python.framework/Versions/3.12/lib/python3.12/inspect.py'>
      out = {'message': 'mariadb-dump not found in PATH! This is required to take a backup.', 'title': 'Message', 'indicator': 'red', 'raise_exception': 1, '__frappe_exc_id': '15d10b3a676bce357d1c0ba9b5274888cae0c7a0d3c815b4bb37c898'}
  File "apps/frappe/frappe/__init__.py", line 525, in _raise_exception
    raise exc
      exc = ExecutableNotFound('mariadb-dump not found in PATH! This is required to take a backup.')
      inspect = <module 'inspect' from '/opt/homebrew/Cellar/python@3.12/3.12.12/Frameworks/Python.framework/Versions/3.12/lib/python3.12/inspect.py'>
      msg = 'mariadb-dump not found in PATH! This is required to take a backup.'
      out = {'message': 'mariadb-dump not found in PATH! This is required to take a backup.', 'title': 'Message', 'indicator': 'red', 'raise_exception': 1, '__frappe_exc_id': '15d10b3a676bce357d1c0ba9b5274888cae0c7a0d3c815b4bb37c898'}
      raise_exception = <class 'frappe.exceptions.ExecutableNotFound'>
frappe.exceptions.ExecutableNotFound: mariadb-dump not found in PATH! This is required to take a backup.
Backup failed for Site insights.localhost. Database or site_config.json may be corrupted
Traceback with variables (most recent call last):
  File "apps/frappe/frappe/commands/site.py", line 845, in backup
    odb = scheduled_backup(
      context = {'sites': ['crm.localhost', 'insights.localhost', 'library.localhost'], 'force': False, 'verbose': True, 'profile': False}
      with_files = False
      backup_path = None
      backup_path_db = None
      backup_path_files = None
      backup_path_private_files = None
      backup_path_conf = None
      ignore_backup_conf = False
      verbose = True
      compress = False
      include = ''
      exclude = ''
      old_backup_metadata = False
      scheduled_backup = <function scheduled_backup at 0x10aea6200>
      exit_code = 1
      rollback_callback = None
      site = 'insights.localhost'
  File "apps/frappe/frappe/utils/backups.py", line 568, in scheduled_backup
    return new_backup(
      older_than = 6
      ignore_files = True
      backup_path = None
      backup_path_db = None
      backup_path_files = None
      backup_path_private_files = None
      backup_path_conf = None
      ignore_conf = False
      include_doctypes = ''
      exclude_doctypes = ''
      compress = False
      force = True
      verbose = True
      old_backup_metadata = False
      rollback_callback = <frappe.utils.CallbackManager object at 0x10ba90850>
  File "apps/frappe/frappe/utils/backups.py", line 626, in new_backup
    odb.get_backup(older_than, ignore_files, force=force)
      older_than = 6
      ignore_files = True
      backup_path = None
      backup_path_db = None
      backup_path_files = None
      backup_path_private_files = None
      backup_path_conf = None
      ignore_conf = False
      include_doctypes = ''
      exclude_doctypes = ''
      compress = False
      force = True
      verbose = True
      old_backup_metadata = False
      rollback_callback = <frappe.utils.CallbackManager object at 0x10ba90850>
      odb = <frappe.utils.backups.BackupGenerator object at 0x10ba907d0>
  File "apps/frappe/frappe/utils/backups.py", line 195, in get_backup
    self.delete_if_step_fails(self.take_dump, self.backup_path_db)
      self = <frappe.utils.backups.BackupGenerator object at 0x10ba907d0>
      older_than = 6
      ignore_files = True
      force = True
      last_db = False
      last_file = False
      last_private_file = False
      site_config_backup_path = False
  File "apps/frappe/frappe/utils/backups.py", line 520, in delete_if_step_fails
    raise e
      self = <frappe.utils.backups.BackupGenerator object at 0x10ba907d0>
      step = <bound method BackupGenerator.take_dump of <frappe.utils.backups.BackupGenerator object at 0x10ba907d0>>
      paths = ('./crm.localhost/private/backups/20251102_120001-crm_localhost-database.sql.gz',)
      path = './crm.localhost/private/backups/20251102_120001-crm_localhost-database.sql.gz'
  File "apps/frappe/frappe/utils/backups.py", line 515, in delete_if_step_fails
    step()
      self = <frappe.utils.backups.BackupGenerator object at 0x10ba907d0>
      step = <bound method BackupGenerator.take_dump of <frappe.utils.backups.BackupGenerator object at 0x10ba907d0>>
      paths = ('./crm.localhost/private/backups/20251102_120001-crm_localhost-database.sql.gz',)
      path = './crm.localhost/private/backups/20251102_120001-crm_localhost-database.sql.gz'
  File "apps/frappe/frappe/utils/backups.py", line 457, in take_dump
    frappe.throw(
      self = <frappe.utils.backups.BackupGenerator object at 0x10ba907d0>
      shlex = <module 'shlex' from '/opt/homebrew/Cellar/python@3.12/3.12.12/Frameworks/Python.framework/Versions/3.12/lib/python3.12/shlex.py'>
      frappe = <module 'frappe' from 'apps/frappe/frappe/__init__.py'>
      get_app_branch = <function get_app_branch at 0x109fd0900>
      gzip_exc = '/usr/bin/gzip'
      database_header_content = ['begin frappe metadata', '[frappe]', 'version = 15.87.0', 'branch = version-15', 'end frappe metadata', '']
      generated_header = '-- begin frappe metadata\n-- [frappe]\n-- version = 15.87.0\n-- branch = version-15\n-- end frappe metadata\n-- \n'
      f = <_io.TextIOWrapper name='./crm.localhost/private/backups/20251102_120001-crm_localhost-database.sql.gz' encoding='UTF-8'>
      cmd = []
      extra = []
      get_command = <function get_command at 0x10b2ffa60>
      bin = None
      args = ['--user=_9814a4929be7d80c', '--host=127.0.0.1', '--port=3306', '--password=zQIkcR46Jtuxaaxx', '--single-transaction', '--quick', '--lock-tables=false', '_9814a4929be7d80c']
      bin_name = 'mariadb-dump'
  File "apps/frappe/frappe/__init__.py", line 609, in throw
    msgprint(
      msg = 'mariadb-dump not found in PATH! This is required to take a backup.'
      exc = <class 'frappe.exceptions.ExecutableNotFound'>
      title = None
      is_minimizable = False
      wide = False
      as_list = False
      primary_action = None
  File "apps/frappe/frappe/__init__.py", line 574, in msgprint
    _raise_exception()
      msg = 'mariadb-dump not found in PATH! This is required to take a backup.'
      title = None
      raise_exception = <class 'frappe.exceptions.ExecutableNotFound'>
      as_table = False
      as_list = False
      indicator = 'red'
      alert = False
      primary_action = None
      is_minimizable = False
      wide = False
      realtime = False
      sys = <module 'sys' (built-in)>
      _raise_exception = <function msgprint.<locals>._raise_exception at 0x10baf4fe0>
      inspect = <module 'inspect' from '/opt/homebrew/Cellar/python@3.12/3.12.12/Frameworks/Python.framework/Versions/3.12/lib/python3.12/inspect.py'>
      out = {'message': 'mariadb-dump not found in PATH! This is required to take a backup.', 'title': 'Message', 'indicator': 'red', 'raise_exception': 1, '__frappe_exc_id': 'babd5f6729e526f52d5ae165d892700e96ad86e9ecf32f35af65db39'}
  File "apps/frappe/frappe/__init__.py", line 525, in _raise_exception
    raise exc
      exc = ExecutableNotFound('mariadb-dump not found in PATH! This is required to take a backup.')
      inspect = <module 'inspect' from '/opt/homebrew/Cellar/python@3.12/3.12.12/Frameworks/Python.framework/Versions/3.12/lib/python3.12/inspect.py'>
      msg = 'mariadb-dump not found in PATH! This is required to take a backup.'
      out = {'message': 'mariadb-dump not found in PATH! This is required to take a backup.', 'title': 'Message', 'indicator': 'red', 'raise_exception': 1, '__frappe_exc_id': 'babd5f6729e526f52d5ae165d892700e96ad86e9ecf32f35af65db39'}
      raise_exception = <class 'frappe.exceptions.ExecutableNotFound'>
frappe.exceptions.ExecutableNotFound: mariadb-dump not found in PATH! This is required to take a backup.
Backup failed for Site library.localhost. Database or site_config.json may be corrupted
Traceback with variables (most recent call last):
  File "apps/frappe/frappe/commands/site.py", line 845, in backup
    odb = scheduled_backup(
      context = {'sites': ['crm.localhost', 'insights.localhost', 'library.localhost'], 'force': False, 'verbose': True, 'profile': False}
      with_files = False
      backup_path = None
      backup_path_db = None
      backup_path_files = None
      backup_path_private_files = None
      backup_path_conf = None
      ignore_backup_conf = False
      verbose = True
      compress = False
      include = ''
      exclude = ''
      old_backup_metadata = False
      scheduled_backup = <function scheduled_backup at 0x10aea6200>
      exit_code = 1
      rollback_callback = None
      site = 'library.localhost'
  File "apps/frappe/frappe/utils/backups.py", line 568, in scheduled_backup
    return new_backup(
      older_than = 6
      ignore_files = True
      backup_path = None
      backup_path_db = None
      backup_path_files = None
      backup_path_private_files = None
      backup_path_conf = None
      ignore_conf = False
      include_doctypes = ''
      exclude_doctypes = ''
      compress = False
      force = True
      verbose = True
      old_backup_metadata = False
      rollback_callback = <frappe.utils.CallbackManager object at 0x10b493910>
  File "apps/frappe/frappe/utils/backups.py", line 626, in new_backup
    odb.get_backup(older_than, ignore_files, force=force)
      older_than = 6
      ignore_files = True
      backup_path = None
      backup_path_db = None
      backup_path_files = None
      backup_path_private_files = None
      backup_path_conf = None
      ignore_conf = False
      include_doctypes = ''
      exclude_doctypes = ''
      compress = False
      force = True
      verbose = True
      old_backup_metadata = False
      rollback_callback = <frappe.utils.CallbackManager object at 0x10b493910>
      odb = <frappe.utils.backups.BackupGenerator object at 0x10b493b00>
  File "apps/frappe/frappe/utils/backups.py", line 195, in get_backup
    self.delete_if_step_fails(self.take_dump, self.backup_path_db)
      self = <frappe.utils.backups.BackupGenerator object at 0x10b493b00>
      older_than = 6
      ignore_files = True
      force = True
      last_db = False
      last_file = False
      last_private_file = False
      site_config_backup_path = False
  File "apps/frappe/frappe/utils/backups.py", line 520, in delete_if_step_fails
    raise e
      self = <frappe.utils.backups.BackupGenerator object at 0x10b493b00>
      step = <bound method BackupGenerator.take_dump of <frappe.utils.backups.BackupGenerator object at 0x10b493b00>>
      paths = ('./crm.localhost/private/backups/20251102_120001-crm_localhost-database.sql.gz',)
      path = './crm.localhost/private/backups/20251102_120001-crm_localhost-database.sql.gz'
  File "apps/frappe/frappe/utils/backups.py", line 515, in delete_if_step_fails
    step()
      self = <frappe.utils.backups.BackupGenerator object at 0x10b493b00>
      step = <bound method BackupGenerator.take_dump of <frappe.utils.backups.BackupGenerator object at 0x10b493b00>>
      paths = ('./crm.localhost/private/backups/20251102_120001-crm_localhost-database.sql.gz',)
      path = './crm.localhost/private/backups/20251102_120001-crm_localhost-database.sql.gz'
  File "apps/frappe/frappe/utils/backups.py", line 457, in take_dump
    frappe.throw(
      self = <frappe.utils.backups.BackupGenerator object at 0x10b493b00>
      shlex = <module 'shlex' from '/opt/homebrew/Cellar/python@3.12/3.12.12/Frameworks/Python.framework/Versions/3.12/lib/python3.12/shlex.py'>
      frappe = <module 'frappe' from 'apps/frappe/frappe/__init__.py'>
      get_app_branch = <function get_app_branch at 0x109fd0900>
      gzip_exc = '/usr/bin/gzip'
      database_header_content = ['begin frappe metadata', '[frappe]', 'version = 15.87.0', 'branch = version-15', 'end frappe metadata', '']
      generated_header = '-- begin frappe metadata\n-- [frappe]\n-- version = 15.87.0\n-- branch = version-15\n-- end frappe metadata\n-- \n'
      f = <_io.TextIOWrapper name='./crm.localhost/private/backups/20251102_120001-crm_localhost-database.sql.gz' encoding='UTF-8'>
      cmd = []
      extra = []
      get_command = <function get_command at 0x10b2ffa60>
      bin = None
      args = ['--user=_9814a4929be7d80c', '--host=127.0.0.1', '--port=3306', '--password=zQIkcR46Jtuxaaxx', '--single-transaction', '--quick', '--lock-tables=false', '_9814a4929be7d80c']
      bin_name = 'mariadb-dump'
  File "apps/frappe/frappe/__init__.py", line 609, in throw
    msgprint(
      msg = 'mariadb-dump not found in PATH! This is required to take a backup.'
      exc = <class 'frappe.exceptions.ExecutableNotFound'>
      title = None
      is_minimizable = False
      wide = False
      as_list = False
      primary_action = None
  File "apps/frappe/frappe/__init__.py", line 574, in msgprint
    _raise_exception()
      msg = 'mariadb-dump not found in PATH! This is required to take a backup.'
      title = None
      raise_exception = <class 'frappe.exceptions.ExecutableNotFound'>
      as_table = False
      as_list = False
      indicator = 'red'
      alert = False
      primary_action = None
      is_minimizable = False
      wide = False
      realtime = False
      sys = <module 'sys' (built-in)>
      _raise_exception = <function msgprint.<locals>._raise_exception at 0x10baf51c0>
      inspect = <module 'inspect' from '/opt/homebrew/Cellar/python@3.12/3.12.12/Frameworks/Python.framework/Versions/3.12/lib/python3.12/inspect.py'>
      out = {'message': 'mariadb-dump not found in PATH! This is required to take a backup.', 'title': 'Message', 'indicator': 'red', 'raise_exception': 1, '__frappe_exc_id': '113e61832f4497da4d01da665a24606dddd92bf2dbab1be10c1cb737'}
  File "apps/frappe/frappe/__init__.py", line 525, in _raise_exception
    raise exc
      exc = ExecutableNotFound('mariadb-dump not found in PATH! This is required to take a backup.')
      inspect = <module 'inspect' from '/opt/homebrew/Cellar/python@3.12/3.12.12/Frameworks/Python.framework/Versions/3.12/lib/python3.12/inspect.py'>
      msg = 'mariadb-dump not found in PATH! This is required to take a backup.'
      out = {'message': 'mariadb-dump not found in PATH! This is required to take a backup.', 'title': 'Message', 'indicator': 'red', 'raise_exception': 1, '__frappe_exc_id': '113e61832f4497da4d01da665a24606dddd92bf2dbab1be10c1cb737'}
      raise_exception = <class 'frappe.exceptions.ExecutableNotFound'>
frappe.exceptions.ExecutableNotFound: mariadb-dump not found in PATH! This is required to take a backup.
Backup failed for Site crm.localhost. Database or site_config.json may be corrupted
Traceback with variables (most recent call last):
  File "apps/frappe/frappe/commands/site.py", line 845, in backup
    odb = scheduled_backup(
      context = {'sites': ['crm.localhost', 'insights.localhost', 'library.localhost'], 'force': False, 'verbose': True, 'profile': False}
      with_files = False
      backup_path = None
      backup_path_db = None
      backup_path_files = None
      backup_path_private_files = None
      backup_path_conf = None
      ignore_backup_conf = False
      verbose = True
      compress = False
      include = ''
      exclude = ''
      old_backup_metadata = False
      scheduled_backup = <function scheduled_backup at 0x106d32200>
      exit_code = 0
      rollback_callback = None
      site = 'crm.localhost'
  File "apps/frappe/frappe/utils/backups.py", line 568, in scheduled_backup
    return new_backup(
      older_than = 6
      ignore_files = True
      backup_path = None
      backup_path_db = None
      backup_path_files = None
      backup_path_private_files = None
      backup_path_conf = None
      ignore_conf = False
      include_doctypes = ''
      exclude_doctypes = ''
      compress = False
      force = True
      verbose = True
      old_backup_metadata = False
      rollback_callback = <frappe.utils.CallbackManager object at 0x10731fc10>
  File "apps/frappe/frappe/utils/backups.py", line 626, in new_backup
    odb.get_backup(older_than, ignore_files, force=force)
      older_than = 6
      ignore_files = True
      backup_path = None
      backup_path_db = None
      backup_path_files = None
      backup_path_private_files = None
      backup_path_conf = None
      ignore_conf = False
      include_doctypes = ''
      exclude_doctypes = ''
      compress = False
      force = True
      verbose = True
      old_backup_metadata = False
      rollback_callback = <frappe.utils.CallbackManager object at 0x10731fc10>
      odb = <frappe.utils.backups.BackupGenerator object at 0x10731fcb0>
  File "apps/frappe/frappe/utils/backups.py", line 195, in get_backup
    self.delete_if_step_fails(self.take_dump, self.backup_path_db)
      self = <frappe.utils.backups.BackupGenerator object at 0x10731fcb0>
      older_than = 6
      ignore_files = True
      force = True
      last_db = False
      last_file = False
      last_private_file = False
      site_config_backup_path = False
  File "apps/frappe/frappe/utils/backups.py", line 520, in delete_if_step_fails
    raise e
      self = <frappe.utils.backups.BackupGenerator object at 0x10731fcb0>
      step = <bound method BackupGenerator.take_dump of <frappe.utils.backups.BackupGenerator object at 0x10731fcb0>>
      paths = ('./crm.localhost/private/backups/20251102_180002-crm_localhost-database.sql.gz',)
      path = './crm.localhost/private/backups/20251102_180002-crm_localhost-database.sql.gz'
  File "apps/frappe/frappe/utils/backups.py", line 515, in delete_if_step_fails
    step()
      self = <frappe.utils.backups.BackupGenerator object at 0x10731fcb0>
      step = <bound method BackupGenerator.take_dump of <frappe.utils.backups.BackupGenerator object at 0x10731fcb0>>
      paths = ('./crm.localhost/private/backups/20251102_180002-crm_localhost-database.sql.gz',)
      path = './crm.localhost/private/backups/20251102_180002-crm_localhost-database.sql.gz'
  File "apps/frappe/frappe/utils/backups.py", line 457, in take_dump
    frappe.throw(
      self = <frappe.utils.backups.BackupGenerator object at 0x10731fcb0>
      shlex = <module 'shlex' from '/opt/homebrew/Cellar/python@3.12/3.12.12/Frameworks/Python.framework/Versions/3.12/lib/python3.12/shlex.py'>
      frappe = <module 'frappe' from 'apps/frappe/frappe/__init__.py'>
      get_app_branch = <function get_app_branch at 0x105e5c900>
      gzip_exc = '/usr/bin/gzip'
      database_header_content = ['begin frappe metadata', '[frappe]', 'version = 15.87.0', 'branch = version-15', 'end frappe metadata', '']
      generated_header = '-- begin frappe metadata\n-- [frappe]\n-- version = 15.87.0\n-- branch = version-15\n-- end frappe metadata\n-- \n'
      f = <_io.TextIOWrapper name='./crm.localhost/private/backups/20251102_180002-crm_localhost-database.sql.gz' encoding='UTF-8'>
      cmd = []
      extra = []
      get_command = <function get_command at 0x10718ba60>
      bin = None
      args = ['--user=_9814a4929be7d80c', '--host=127.0.0.1', '--port=3306', '--password=zQIkcR46Jtuxaaxx', '--single-transaction', '--quick', '--lock-tables=false', '_9814a4929be7d80c']
      bin_name = 'mariadb-dump'
  File "apps/frappe/frappe/__init__.py", line 609, in throw
    msgprint(
      msg = 'mariadb-dump not found in PATH! This is required to take a backup.'
      exc = <class 'frappe.exceptions.ExecutableNotFound'>
      title = None
      is_minimizable = False
      wide = False
      as_list = False
      primary_action = None
  File "apps/frappe/frappe/__init__.py", line 574, in msgprint
    _raise_exception()
      msg = 'mariadb-dump not found in PATH! This is required to take a backup.'
      title = None
      raise_exception = <class 'frappe.exceptions.ExecutableNotFound'>
      as_table = False
      as_list = False
      indicator = 'red'
      alert = False
      primary_action = None
      is_minimizable = False
      wide = False
      realtime = False
      sys = <module 'sys' (built-in)>
      _raise_exception = <function msgprint.<locals>._raise_exception at 0x105e5c7c0>
      inspect = <module 'inspect' from '/opt/homebrew/Cellar/python@3.12/3.12.12/Frameworks/Python.framework/Versions/3.12/lib/python3.12/inspect.py'>
      out = {'message': 'mariadb-dump not found in PATH! This is required to take a backup.', 'title': 'Message', 'indicator': 'red', 'raise_exception': 1, '__frappe_exc_id': '40ad472141adf35632e6717b42f27314b96b2eac93dcf88841b395f5'}
  File "apps/frappe/frappe/__init__.py", line 525, in _raise_exception
    raise exc
      exc = ExecutableNotFound('mariadb-dump not found in PATH! This is required to take a backup.')
      inspect = <module 'inspect' from '/opt/homebrew/Cellar/python@3.12/3.12.12/Frameworks/Python.framework/Versions/3.12/lib/python3.12/inspect.py'>
      msg = 'mariadb-dump not found in PATH! This is required to take a backup.'
      out = {'message': 'mariadb-dump not found in PATH! This is required to take a backup.', 'title': 'Message', 'indicator': 'red', 'raise_exception': 1, '__frappe_exc_id': '40ad472141adf35632e6717b42f27314b96b2eac93dcf88841b395f5'}
      raise_exception = <class 'frappe.exceptions.ExecutableNotFound'>
frappe.exceptions.ExecutableNotFound: mariadb-dump not found in PATH! This is required to take a backup.
Backup failed for Site insights.localhost. Database or site_config.json may be corrupted
Traceback with variables (most recent call last):
  File "apps/frappe/frappe/commands/site.py", line 845, in backup
    odb = scheduled_backup(
      context = {'sites': ['crm.localhost', 'insights.localhost', 'library.localhost'], 'force': False, 'verbose': True, 'profile': False}
      with_files = False
      backup_path = None
      backup_path_db = None
      backup_path_files = None
      backup_path_private_files = None
      backup_path_conf = None
      ignore_backup_conf = False
      verbose = True
      compress = False
      include = ''
      exclude = ''
      old_backup_metadata = False
      scheduled_backup = <function scheduled_backup at 0x106d32200>
      exit_code = 1
      rollback_callback = None
      site = 'insights.localhost'
  File "apps/frappe/frappe/utils/backups.py", line 568, in scheduled_backup
    return new_backup(
      older_than = 6
      ignore_files = True
      backup_path = None
      backup_path_db = None
      backup_path_files = None
      backup_path_private_files = None
      backup_path_conf = None
      ignore_conf = False
      include_doctypes = ''
      exclude_doctypes = ''
      compress = False
      force = True
      verbose = True
      old_backup_metadata = False
      rollback_callback = <frappe.utils.CallbackManager object at 0x10791cac0>
  File "apps/frappe/frappe/utils/backups.py", line 626, in new_backup
    odb.get_backup(older_than, ignore_files, force=force)
      older_than = 6
      ignore_files = True
      backup_path = None
      backup_path_db = None
      backup_path_files = None
      backup_path_private_files = None
      backup_path_conf = None
      ignore_conf = False
      include_doctypes = ''
      exclude_doctypes = ''
      compress = False
      force = True
      verbose = True
      old_backup_metadata = False
      rollback_callback = <frappe.utils.CallbackManager object at 0x10791cac0>
      odb = <frappe.utils.backups.BackupGenerator object at 0x10791ca40>
  File "apps/frappe/frappe/utils/backups.py", line 195, in get_backup
    self.delete_if_step_fails(self.take_dump, self.backup_path_db)
      self = <frappe.utils.backups.BackupGenerator object at 0x10791ca40>
      older_than = 6
      ignore_files = True
      force = True
      last_db = False
      last_file = False
      last_private_file = False
      site_config_backup_path = False
  File "apps/frappe/frappe/utils/backups.py", line 520, in delete_if_step_fails
    raise e
      self = <frappe.utils.backups.BackupGenerator object at 0x10791ca40>
      step = <bound method BackupGenerator.take_dump of <frappe.utils.backups.BackupGenerator object at 0x10791ca40>>
      paths = ('./crm.localhost/private/backups/20251102_180002-crm_localhost-database.sql.gz',)
      path = './crm.localhost/private/backups/20251102_180002-crm_localhost-database.sql.gz'
  File "apps/frappe/frappe/utils/backups.py", line 515, in delete_if_step_fails
    step()
      self = <frappe.utils.backups.BackupGenerator object at 0x10791ca40>
      step = <bound method BackupGenerator.take_dump of <frappe.utils.backups.BackupGenerator object at 0x10791ca40>>
      paths = ('./crm.localhost/private/backups/20251102_180002-crm_localhost-database.sql.gz',)
      path = './crm.localhost/private/backups/20251102_180002-crm_localhost-database.sql.gz'
  File "apps/frappe/frappe/utils/backups.py", line 457, in take_dump
    frappe.throw(
      self = <frappe.utils.backups.BackupGenerator object at 0x10791ca40>
      shlex = <module 'shlex' from '/opt/homebrew/Cellar/python@3.12/3.12.12/Frameworks/Python.framework/Versions/3.12/lib/python3.12/shlex.py'>
      frappe = <module 'frappe' from 'apps/frappe/frappe/__init__.py'>
      get_app_branch = <function get_app_branch at 0x105e5c900>
      gzip_exc = '/usr/bin/gzip'
      database_header_content = ['begin frappe metadata', '[frappe]', 'version = 15.87.0', 'branch = version-15', 'end frappe metadata', '']
      generated_header = '-- begin frappe metadata\n-- [frappe]\n-- version = 15.87.0\n-- branch = version-15\n-- end frappe metadata\n-- \n'
      f = <_io.TextIOWrapper name='./crm.localhost/private/backups/20251102_180002-crm_localhost-database.sql.gz' encoding='UTF-8'>
      cmd = []
      extra = []
      get_command = <function get_command at 0x10718ba60>
      bin = None
      args = ['--user=_9814a4929be7d80c', '--host=127.0.0.1', '--port=3306', '--password=zQIkcR46Jtuxaaxx', '--single-transaction', '--quick', '--lock-tables=false', '_9814a4929be7d80c']
      bin_name = 'mariadb-dump'
  File "apps/frappe/frappe/__init__.py", line 609, in throw
    msgprint(
      msg = 'mariadb-dump not found in PATH! This is required to take a backup.'
      exc = <class 'frappe.exceptions.ExecutableNotFound'>
      title = None
      is_minimizable = False
      wide = False
      as_list = False
      primary_action = None
  File "apps/frappe/frappe/__init__.py", line 574, in msgprint
    _raise_exception()
      msg = 'mariadb-dump not found in PATH! This is required to take a backup.'
      title = None
      raise_exception = <class 'frappe.exceptions.ExecutableNotFound'>
      as_table = False
      as_list = False
      indicator = 'red'
      alert = False
      primary_action = None
      is_minimizable = False
      wide = False
      realtime = False
      sys = <module 'sys' (built-in)>
      _raise_exception = <function msgprint.<locals>._raise_exception at 0x107980fe0>
      inspect = <module 'inspect' from '/opt/homebrew/Cellar/python@3.12/3.12.12/Frameworks/Python.framework/Versions/3.12/lib/python3.12/inspect.py'>
      out = {'message': 'mariadb-dump not found in PATH! This is required to take a backup.', 'title': 'Message', 'indicator': 'red', 'raise_exception': 1, '__frappe_exc_id': '77d4f96d720454f00855480a901afad9d2cde065af071a81fc7e856d'}
  File "apps/frappe/frappe/__init__.py", line 525, in _raise_exception
    raise exc
      exc = ExecutableNotFound('mariadb-dump not found in PATH! This is required to take a backup.')
      inspect = <module 'inspect' from '/opt/homebrew/Cellar/python@3.12/3.12.12/Frameworks/Python.framework/Versions/3.12/lib/python3.12/inspect.py'>
      msg = 'mariadb-dump not found in PATH! This is required to take a backup.'
      out = {'message': 'mariadb-dump not found in PATH! This is required to take a backup.', 'title': 'Message', 'indicator': 'red', 'raise_exception': 1, '__frappe_exc_id': '77d4f96d720454f00855480a901afad9d2cde065af071a81fc7e856d'}
      raise_exception = <class 'frappe.exceptions.ExecutableNotFound'>
frappe.exceptions.ExecutableNotFound: mariadb-dump not found in PATH! This is required to take a backup.
Backup failed for Site library.localhost. Database or site_config.json may be corrupted
Traceback with variables (most recent call last):
  File "apps/frappe/frappe/commands/site.py", line 845, in backup
    odb = scheduled_backup(
      context = {'sites': ['crm.localhost', 'insights.localhost', 'library.localhost'], 'force': False, 'verbose': True, 'profile': False}
      with_files = False
      backup_path = None
      backup_path_db = None
      backup_path_files = None
      backup_path_private_files = None
      backup_path_conf = None
      ignore_backup_conf = False
      verbose = True
      compress = False
      include = ''
      exclude = ''
      old_backup_metadata = False
      scheduled_backup = <function scheduled_backup at 0x106d32200>
      exit_code = 1
      rollback_callback = None
      site = 'library.localhost'
  File "apps/frappe/frappe/utils/backups.py", line 568, in scheduled_backup
    return new_backup(
      older_than = 6
      ignore_files = True
      backup_path = None
      backup_path_db = None
      backup_path_files = None
      backup_path_private_files = None
      backup_path_conf = None
      ignore_conf = False
      include_doctypes = ''
      exclude_doctypes = ''
      compress = False
      force = True
      verbose = True
      old_backup_metadata = False
      rollback_callback = <frappe.utils.CallbackManager object at 0x10731d900>
  File "apps/frappe/frappe/utils/backups.py", line 626, in new_backup
    odb.get_backup(older_than, ignore_files, force=force)
      older_than = 6
      ignore_files = True
      backup_path = None
      backup_path_db = None
      backup_path_files = None
      backup_path_private_files = None
      backup_path_conf = None
      ignore_conf = False
      include_doctypes = ''
      exclude_doctypes = ''
      compress = False
      force = True
      verbose = True
      old_backup_metadata = False
      rollback_callback = <frappe.utils.CallbackManager object at 0x10731d900>
      odb = <frappe.utils.backups.BackupGenerator object at 0x10731fbf0>
  File "apps/frappe/frappe/utils/backups.py", line 195, in get_backup
    self.delete_if_step_fails(self.take_dump, self.backup_path_db)
      self = <frappe.utils.backups.BackupGenerator object at 0x10731fbf0>
      older_than = 6
      ignore_files = True
      force = True
      last_db = False
      last_file = False
      last_private_file = False
      site_config_backup_path = False
  File "apps/frappe/frappe/utils/backups.py", line 520, in delete_if_step_fails
    raise e
      self = <frappe.utils.backups.BackupGenerator object at 0x10731fbf0>
      step = <bound method BackupGenerator.take_dump of <frappe.utils.backups.BackupGenerator object at 0x10731fbf0>>
      paths = ('./crm.localhost/private/backups/20251102_180002-crm_localhost-database.sql.gz',)
      path = './crm.localhost/private/backups/20251102_180002-crm_localhost-database.sql.gz'
  File "apps/frappe/frappe/utils/backups.py", line 515, in delete_if_step_fails
    step()
      self = <frappe.utils.backups.BackupGenerator object at 0x10731fbf0>
      step = <bound method BackupGenerator.take_dump of <frappe.utils.backups.BackupGenerator object at 0x10731fbf0>>
      paths = ('./crm.localhost/private/backups/20251102_180002-crm_localhost-database.sql.gz',)
      path = './crm.localhost/private/backups/20251102_180002-crm_localhost-database.sql.gz'
  File "apps/frappe/frappe/utils/backups.py", line 457, in take_dump
    frappe.throw(
      self = <frappe.utils.backups.BackupGenerator object at 0x10731fbf0>
      shlex = <module 'shlex' from '/opt/homebrew/Cellar/python@3.12/3.12.12/Frameworks/Python.framework/Versions/3.12/lib/python3.12/shlex.py'>
      frappe = <module 'frappe' from 'apps/frappe/frappe/__init__.py'>
      get_app_branch = <function get_app_branch at 0x105e5c900>
      gzip_exc = '/usr/bin/gzip'
      database_header_content = ['begin frappe metadata', '[frappe]', 'version = 15.87.0', 'branch = version-15', 'end frappe metadata', '']
      generated_header = '-- begin frappe metadata\n-- [frappe]\n-- version = 15.87.0\n-- branch = version-15\n-- end frappe metadata\n-- \n'
      f = <_io.TextIOWrapper name='./crm.localhost/private/backups/20251102_180002-crm_localhost-database.sql.gz' encoding='UTF-8'>
      cmd = []
      extra = []
      get_command = <function get_command at 0x10718ba60>
      bin = None
      args = ['--user=_9814a4929be7d80c', '--host=127.0.0.1', '--port=3306', '--password=zQIkcR46Jtuxaaxx', '--single-transaction', '--quick', '--lock-tables=false', '_9814a4929be7d80c']
      bin_name = 'mariadb-dump'
  File "apps/frappe/frappe/__init__.py", line 609, in throw
    msgprint(
      msg = 'mariadb-dump not found in PATH! This is required to take a backup.'
      exc = <class 'frappe.exceptions.ExecutableNotFound'>
      title = None
      is_minimizable = False
      wide = False
      as_list = False
      primary_action = None
  File "apps/frappe/frappe/__init__.py", line 574, in msgprint
    _raise_exception()
      msg = 'mariadb-dump not found in PATH! This is required to take a backup.'
      title = None
      raise_exception = <class 'frappe.exceptions.ExecutableNotFound'>
      as_table = False
      as_list = False
      indicator = 'red'
      alert = False
      primary_action = None
      is_minimizable = False
      wide = False
      realtime = False
      sys = <module 'sys' (built-in)>
      _raise_exception = <function msgprint.<locals>._raise_exception at 0x1079811c0>
      inspect = <module 'inspect' from '/opt/homebrew/Cellar/python@3.12/3.12.12/Frameworks/Python.framework/Versions/3.12/lib/python3.12/inspect.py'>
      out = {'message': 'mariadb-dump not found in PATH! This is required to take a backup.', 'title': 'Message', 'indicator': 'red', 'raise_exception': 1, '__frappe_exc_id': '93750c9910927af33eeba462c7fd1662c5a6c28625f386055c1f92ee'}
  File "apps/frappe/frappe/__init__.py", line 525, in _raise_exception
    raise exc
      exc = ExecutableNotFound('mariadb-dump not found in PATH! This is required to take a backup.')
      inspect = <module 'inspect' from '/opt/homebrew/Cellar/python@3.12/3.12.12/Frameworks/Python.framework/Versions/3.12/lib/python3.12/inspect.py'>
      msg = 'mariadb-dump not found in PATH! This is required to take a backup.'
      out = {'message': 'mariadb-dump not found in PATH! This is required to take a backup.', 'title': 'Message', 'indicator': 'red', 'raise_exception': 1, '__frappe_exc_id': '93750c9910927af33eeba462c7fd1662c5a6c28625f386055c1f92ee'}
      raise_exception = <class 'frappe.exceptions.ExecutableNotFound'>
frappe.exceptions.ExecutableNotFound: mariadb-dump not found in PATH! This is required to take a backup.
Backup failed for Site crm.localhost. Database or site_config.json may be corrupted
Traceback with variables (most recent call last):
  File "apps/frappe/frappe/commands/site.py", line 845, in backup
    odb = scheduled_backup(
      context = {'sites': ['crm.localhost', 'insights.localhost', 'library.localhost'], 'force': False, 'verbose': True, 'profile': False}
      with_files = False
      backup_path = None
      backup_path_db = None
      backup_path_files = None
      backup_path_private_files = None
      backup_path_conf = None
      ignore_backup_conf = False
      verbose = True
      compress = False
      include = ''
      exclude = ''
      old_backup_metadata = False
      scheduled_backup = <function scheduled_backup at 0x107b52200>
      exit_code = 0
      rollback_callback = None
      site = 'crm.localhost'
  File "apps/frappe/frappe/utils/backups.py", line 568, in scheduled_backup
    return new_backup(
      older_than = 6
      ignore_files = True
      backup_path = None
      backup_path_db = None
      backup_path_files = None
      backup_path_private_files = None
      backup_path_conf = None
      ignore_conf = False
      include_doctypes = ''
      exclude_doctypes = ''
      compress = False
      force = True
      verbose = True
      old_backup_metadata = False
      rollback_callback = <frappe.utils.CallbackManager object at 0x10813fc10>
  File "apps/frappe/frappe/utils/backups.py", line 626, in new_backup
    odb.get_backup(older_than, ignore_files, force=force)
      older_than = 6
      ignore_files = True
      backup_path = None
      backup_path_db = None
      backup_path_files = None
      backup_path_private_files = None
      backup_path_conf = None
      ignore_conf = False
      include_doctypes = ''
      exclude_doctypes = ''
      compress = False
      force = True
      verbose = True
      old_backup_metadata = False
      rollback_callback = <frappe.utils.CallbackManager object at 0x10813fc10>
      odb = <frappe.utils.backups.BackupGenerator object at 0x10813fcb0>
  File "apps/frappe/frappe/utils/backups.py", line 195, in get_backup
    self.delete_if_step_fails(self.take_dump, self.backup_path_db)
      self = <frappe.utils.backups.BackupGenerator object at 0x10813fcb0>
      older_than = 6
      ignore_files = True
      force = True
      last_db = False
      last_file = False
      last_private_file = False
      site_config_backup_path = False
  File "apps/frappe/frappe/utils/backups.py", line 520, in delete_if_step_fails
    raise e
      self = <frappe.utils.backups.BackupGenerator object at 0x10813fcb0>
      step = <bound method BackupGenerator.take_dump of <frappe.utils.backups.BackupGenerator object at 0x10813fcb0>>
      paths = ('./crm.localhost/private/backups/20251103_060108-crm_localhost-database.sql.gz',)
      path = './crm.localhost/private/backups/20251103_060108-crm_localhost-database.sql.gz'
  File "apps/frappe/frappe/utils/backups.py", line 515, in delete_if_step_fails
    step()
      self = <frappe.utils.backups.BackupGenerator object at 0x10813fcb0>
      step = <bound method BackupGenerator.take_dump of <frappe.utils.backups.BackupGenerator object at 0x10813fcb0>>
      paths = ('./crm.localhost/private/backups/20251103_060108-crm_localhost-database.sql.gz',)
      path = './crm.localhost/private/backups/20251103_060108-crm_localhost-database.sql.gz'
  File "apps/frappe/frappe/utils/backups.py", line 457, in take_dump
    frappe.throw(
      self = <frappe.utils.backups.BackupGenerator object at 0x10813fcb0>
      shlex = <module 'shlex' from '/opt/homebrew/Cellar/python@3.12/3.12.12/Frameworks/Python.framework/Versions/3.12/lib/python3.12/shlex.py'>
      frappe = <module 'frappe' from 'apps/frappe/frappe/__init__.py'>
      get_app_branch = <function get_app_branch at 0x106c7c900>
      gzip_exc = '/usr/bin/gzip'
      database_header_content = ['begin frappe metadata', '[frappe]', 'version = 15.87.0', 'branch = version-15', 'end frappe metadata', '']
      generated_header = '-- begin frappe metadata\n-- [frappe]\n-- version = 15.87.0\n-- branch = version-15\n-- end frappe metadata\n-- \n'
      f = <_io.TextIOWrapper name='./crm.localhost/private/backups/20251103_060108-crm_localhost-database.sql.gz' encoding='UTF-8'>
      cmd = []
      extra = []
      get_command = <function get_command at 0x107faba60>
      bin = None
      args = ['--user=_9814a4929be7d80c', '--host=127.0.0.1', '--port=3306', '--password=zQIkcR46Jtuxaaxx', '--single-transaction', '--quick', '--lock-tables=false', '_9814a4929be7d80c']
      bin_name = 'mariadb-dump'
  File "apps/frappe/frappe/__init__.py", line 609, in throw
    msgprint(
      msg = 'mariadb-dump not found in PATH! This is required to take a backup.'
      exc = <class 'frappe.exceptions.ExecutableNotFound'>
      title = None
      is_minimizable = False
      wide = False
      as_list = False
      primary_action = None
  File "apps/frappe/frappe/__init__.py", line 574, in msgprint
    _raise_exception()
      msg = 'mariadb-dump not found in PATH! This is required to take a backup.'
      title = None
      raise_exception = <class 'frappe.exceptions.ExecutableNotFound'>
      as_table = False
      as_list = False
      indicator = 'red'
      alert = False
      primary_action = None
      is_minimizable = False
      wide = False
      realtime = False
      sys = <module 'sys' (built-in)>
      _raise_exception = <function msgprint.<locals>._raise_exception at 0x106c7c7c0>
      inspect = <module 'inspect' from '/opt/homebrew/Cellar/python@3.12/3.12.12/Frameworks/Python.framework/Versions/3.12/lib/python3.12/inspect.py'>
      out = {'message': 'mariadb-dump not found in PATH! This is required to take a backup.', 'title': 'Message', 'indicator': 'red', 'raise_exception': 1, '__frappe_exc_id': 'e4ad46b73026324f8a85717129dfb49631532f12f8c4f6d56f4ac0a0'}
  File "apps/frappe/frappe/__init__.py", line 525, in _raise_exception
    raise exc
      exc = ExecutableNotFound('mariadb-dump not found in PATH! This is required to take a backup.')
      inspect = <module 'inspect' from '/opt/homebrew/Cellar/python@3.12/3.12.12/Frameworks/Python.framework/Versions/3.12/lib/python3.12/inspect.py'>
      msg = 'mariadb-dump not found in PATH! This is required to take a backup.'
      out = {'message': 'mariadb-dump not found in PATH! This is required to take a backup.', 'title': 'Message', 'indicator': 'red', 'raise_exception': 1, '__frappe_exc_id': 'e4ad46b73026324f8a85717129dfb49631532f12f8c4f6d56f4ac0a0'}
      raise_exception = <class 'frappe.exceptions.ExecutableNotFound'>
frappe.exceptions.ExecutableNotFound: mariadb-dump not found in PATH! This is required to take a backup.
Backup failed for Site insights.localhost. Database or site_config.json may be corrupted
Traceback with variables (most recent call last):
  File "apps/frappe/frappe/commands/site.py", line 845, in backup
    odb = scheduled_backup(
      context = {'sites': ['crm.localhost', 'insights.localhost', 'library.localhost'], 'force': False, 'verbose': True, 'profile': False}
      with_files = False
      backup_path = None
      backup_path_db = None
      backup_path_files = None
      backup_path_private_files = None
      backup_path_conf = None
      ignore_backup_conf = False
      verbose = True
      compress = False
      include = ''
      exclude = ''
      old_backup_metadata = False
      scheduled_backup = <function scheduled_backup at 0x107b52200>
      exit_code = 1
      rollback_callback = None
      site = 'insights.localhost'
  File "apps/frappe/frappe/utils/backups.py", line 568, in scheduled_backup
    return new_backup(
      older_than = 6
      ignore_files = True
      backup_path = None
      backup_path_db = None
      backup_path_files = None
      backup_path_private_files = None
      backup_path_conf = None
      ignore_conf = False
      include_doctypes = ''
      exclude_doctypes = ''
      compress = False
      force = True
      verbose = True
      old_backup_metadata = False
      rollback_callback = <frappe.utils.CallbackManager object at 0x10873ca30>
  File "apps/frappe/frappe/utils/backups.py", line 626, in new_backup
    odb.get_backup(older_than, ignore_files, force=force)
      older_than = 6
      ignore_files = True
      backup_path = None
      backup_path_db = None
      backup_path_files = None
      backup_path_private_files = None
      backup_path_conf = None
      ignore_conf = False
      include_doctypes = ''
      exclude_doctypes = ''
      compress = False
      force = True
      verbose = True
      old_backup_metadata = False
      rollback_callback = <frappe.utils.CallbackManager object at 0x10873ca30>
      odb = <frappe.utils.backups.BackupGenerator object at 0x10873c9b0>
  File "apps/frappe/frappe/utils/backups.py", line 195, in get_backup
    self.delete_if_step_fails(self.take_dump, self.backup_path_db)
      self = <frappe.utils.backups.BackupGenerator object at 0x10873c9b0>
      older_than = 6
      ignore_files = True
      force = True
      last_db = False
      last_file = False
      last_private_file = False
      site_config_backup_path = False
  File "apps/frappe/frappe/utils/backups.py", line 520, in delete_if_step_fails
    raise e
      self = <frappe.utils.backups.BackupGenerator object at 0x10873c9b0>
      step = <bound method BackupGenerator.take_dump of <frappe.utils.backups.BackupGenerator object at 0x10873c9b0>>
      paths = ('./crm.localhost/private/backups/20251103_060109-crm_localhost-database.sql.gz',)
      path = './crm.localhost/private/backups/20251103_060109-crm_localhost-database.sql.gz'
  File "apps/frappe/frappe/utils/backups.py", line 515, in delete_if_step_fails
    step()
      self = <frappe.utils.backups.BackupGenerator object at 0x10873c9b0>
      step = <bound method BackupGenerator.take_dump of <frappe.utils.backups.BackupGenerator object at 0x10873c9b0>>
      paths = ('./crm.localhost/private/backups/20251103_060109-crm_localhost-database.sql.gz',)
      path = './crm.localhost/private/backups/20251103_060109-crm_localhost-database.sql.gz'
  File "apps/frappe/frappe/utils/backups.py", line 457, in take_dump
    frappe.throw(
      self = <frappe.utils.backups.BackupGenerator object at 0x10873c9b0>
      shlex = <module 'shlex' from '/opt/homebrew/Cellar/python@3.12/3.12.12/Frameworks/Python.framework/Versions/3.12/lib/python3.12/shlex.py'>
      frappe = <module 'frappe' from 'apps/frappe/frappe/__init__.py'>
      get_app_branch = <function get_app_branch at 0x106c7c900>
      gzip_exc = '/usr/bin/gzip'
      database_header_content = ['begin frappe metadata', '[frappe]', 'version = 15.87.0', 'branch = version-15', 'end frappe metadata', '']
      generated_header = '-- begin frappe metadata\n-- [frappe]\n-- version = 15.87.0\n-- branch = version-15\n-- end frappe metadata\n-- \n'
      f = <_io.TextIOWrapper name='./crm.localhost/private/backups/20251103_060109-crm_localhost-database.sql.gz' encoding='UTF-8'>
      cmd = []
      extra = []
      get_command = <function get_command at 0x107faba60>
      bin = None
      args = ['--user=_9814a4929be7d80c', '--host=127.0.0.1', '--port=3306', '--password=zQIkcR46Jtuxaaxx', '--single-transaction', '--quick', '--lock-tables=false', '_9814a4929be7d80c']
      bin_name = 'mariadb-dump'
  File "apps/frappe/frappe/__init__.py", line 609, in throw
    msgprint(
      msg = 'mariadb-dump not found in PATH! This is required to take a backup.'
      exc = <class 'frappe.exceptions.ExecutableNotFound'>
      title = None
      is_minimizable = False
      wide = False
      as_list = False
      primary_action = None
  File "apps/frappe/frappe/__init__.py", line 574, in msgprint
    _raise_exception()
      msg = 'mariadb-dump not found in PATH! This is required to take a backup.'
      title = None
      raise_exception = <class 'frappe.exceptions.ExecutableNotFound'>
      as_table = False
      as_list = False
      indicator = 'red'
      alert = False
      primary_action = None
      is_minimizable = False
      wide = False
      realtime = False
      sys = <module 'sys' (built-in)>
      _raise_exception = <function msgprint.<locals>._raise_exception at 0x1087a0fe0>
      inspect = <module 'inspect' from '/opt/homebrew/Cellar/python@3.12/3.12.12/Frameworks/Python.framework/Versions/3.12/lib/python3.12/inspect.py'>
      out = {'message': 'mariadb-dump not found in PATH! This is required to take a backup.', 'title': 'Message', 'indicator': 'red', 'raise_exception': 1, '__frappe_exc_id': '5b1a0bd7696d40042cd75a5412794d4606b0f7c5b39f129aa4c1ba88'}
  File "apps/frappe/frappe/__init__.py", line 525, in _raise_exception
    raise exc
      exc = ExecutableNotFound('mariadb-dump not found in PATH! This is required to take a backup.')
      inspect = <module 'inspect' from '/opt/homebrew/Cellar/python@3.12/3.12.12/Frameworks/Python.framework/Versions/3.12/lib/python3.12/inspect.py'>
      msg = 'mariadb-dump not found in PATH! This is required to take a backup.'
      out = {'message': 'mariadb-dump not found in PATH! This is required to take a backup.', 'title': 'Message', 'indicator': 'red', 'raise_exception': 1, '__frappe_exc_id': '5b1a0bd7696d40042cd75a5412794d4606b0f7c5b39f129aa4c1ba88'}
      raise_exception = <class 'frappe.exceptions.ExecutableNotFound'>
frappe.exceptions.ExecutableNotFound: mariadb-dump not found in PATH! This is required to take a backup.
Backup failed for Site library.localhost. Database or site_config.json may be corrupted
Traceback with variables (most recent call last):
  File "apps/frappe/frappe/commands/site.py", line 845, in backup
    odb = scheduled_backup(
      context = {'sites': ['crm.localhost', 'insights.localhost', 'library.localhost'], 'force': False, 'verbose': True, 'profile': False}
      with_files = False
      backup_path = None
      backup_path_db = None
      backup_path_files = None
      backup_path_private_files = None
      backup_path_conf = None
      ignore_backup_conf = False
      verbose = True
      compress = False
      include = ''
      exclude = ''
      old_backup_metadata = False
      scheduled_backup = <function scheduled_backup at 0x107b52200>
      exit_code = 1
      rollback_callback = None
      site = 'library.localhost'
  File "apps/frappe/frappe/utils/backups.py", line 568, in scheduled_backup
    return new_backup(
      older_than = 6
      ignore_files = True
      backup_path = None
      backup_path_db = None
      backup_path_files = None
      backup_path_private_files = None
      backup_path_conf = None
      ignore_conf = False
      include_doctypes = ''
      exclude_doctypes = ''
      compress = False
      force = True
      verbose = True
      old_backup_metadata = False
      rollback_callback = <frappe.utils.CallbackManager object at 0x1069bba30>
  File "apps/frappe/frappe/utils/backups.py", line 626, in new_backup
    odb.get_backup(older_than, ignore_files, force=force)
      older_than = 6
      ignore_files = True
      backup_path = None
      backup_path_db = None
      backup_path_files = None
      backup_path_private_files = None
      backup_path_conf = None
      ignore_conf = False
      include_doctypes = ''
      exclude_doctypes = ''
      compress = False
      force = True
      verbose = True
      old_backup_metadata = False
      rollback_callback = <frappe.utils.CallbackManager object at 0x1069bba30>
      odb = <frappe.utils.backups.BackupGenerator object at 0x10813fbf0>
  File "apps/frappe/frappe/utils/backups.py", line 195, in get_backup
    self.delete_if_step_fails(self.take_dump, self.backup_path_db)
      self = <frappe.utils.backups.BackupGenerator object at 0x10813fbf0>
      older_than = 6
      ignore_files = True
      force = True
      last_db = False
      last_file = False
      last_private_file = False
      site_config_backup_path = False
  File "apps/frappe/frappe/utils/backups.py", line 520, in delete_if_step_fails
    raise e
      self = <frappe.utils.backups.BackupGenerator object at 0x10813fbf0>
      step = <bound method BackupGenerator.take_dump of <frappe.utils.backups.BackupGenerator object at 0x10813fbf0>>
      paths = ('./crm.localhost/private/backups/20251103_060109-crm_localhost-database.sql.gz',)
      path = './crm.localhost/private/backups/20251103_060109-crm_localhost-database.sql.gz'
  File "apps/frappe/frappe/utils/backups.py", line 515, in delete_if_step_fails
    step()
      self = <frappe.utils.backups.BackupGenerator object at 0x10813fbf0>
      step = <bound method BackupGenerator.take_dump of <frappe.utils.backups.BackupGenerator object at 0x10813fbf0>>
      paths = ('./crm.localhost/private/backups/20251103_060109-crm_localhost-database.sql.gz',)
      path = './crm.localhost/private/backups/20251103_060109-crm_localhost-database.sql.gz'
  File "apps/frappe/frappe/utils/backups.py", line 457, in take_dump
    frappe.throw(
      self = <frappe.utils.backups.BackupGenerator object at 0x10813fbf0>
      shlex = <module 'shlex' from '/opt/homebrew/Cellar/python@3.12/3.12.12/Frameworks/Python.framework/Versions/3.12/lib/python3.12/shlex.py'>
      frappe = <module 'frappe' from 'apps/frappe/frappe/__init__.py'>
      get_app_branch = <function get_app_branch at 0x106c7c900>
      gzip_exc = '/usr/bin/gzip'
      database_header_content = ['begin frappe metadata', '[frappe]', 'version = 15.87.0', 'branch = version-15', 'end frappe metadata', '']
      generated_header = '-- begin frappe metadata\n-- [frappe]\n-- version = 15.87.0\n-- branch = version-15\n-- end frappe metadata\n-- \n'
      f = <_io.TextIOWrapper name='./crm.localhost/private/backups/20251103_060109-crm_localhost-database.sql.gz' encoding='UTF-8'>
      cmd = []
      extra = []
      get_command = <function get_command at 0x107faba60>
      bin = None
      args = ['--user=_9814a4929be7d80c', '--host=127.0.0.1', '--port=3306', '--password=zQIkcR46Jtuxaaxx', '--single-transaction', '--quick', '--lock-tables=false', '_9814a4929be7d80c']
      bin_name = 'mariadb-dump'
  File "apps/frappe/frappe/__init__.py", line 609, in throw
    msgprint(
      msg = 'mariadb-dump not found in PATH! This is required to take a backup.'
      exc = <class 'frappe.exceptions.ExecutableNotFound'>
      title = None
      is_minimizable = False
      wide = False
      as_list = False
      primary_action = None
  File "apps/frappe/frappe/__init__.py", line 574, in msgprint
    _raise_exception()
      msg = 'mariadb-dump not found in PATH! This is required to take a backup.'
      title = None
      raise_exception = <class 'frappe.exceptions.ExecutableNotFound'>
      as_table = False
      as_list = False
      indicator = 'red'
      alert = False
      primary_action = None
      is_minimizable = False
      wide = False
      realtime = False
      sys = <module 'sys' (built-in)>
      _raise_exception = <function msgprint.<locals>._raise_exception at 0x1087a11c0>
      inspect = <module 'inspect' from '/opt/homebrew/Cellar/python@3.12/3.12.12/Frameworks/Python.framework/Versions/3.12/lib/python3.12/inspect.py'>
      out = {'message': 'mariadb-dump not found in PATH! This is required to take a backup.', 'title': 'Message', 'indicator': 'red', 'raise_exception': 1, '__frappe_exc_id': '676a5aaf0ef9e94552b285beca26c2317e7928ec4b1ad60f307ad3cd'}
  File "apps/frappe/frappe/__init__.py", line 525, in _raise_exception
    raise exc
      exc = ExecutableNotFound('mariadb-dump not found in PATH! This is required to take a backup.')
      inspect = <module 'inspect' from '/opt/homebrew/Cellar/python@3.12/3.12.12/Frameworks/Python.framework/Versions/3.12/lib/python3.12/inspect.py'>
      msg = 'mariadb-dump not found in PATH! This is required to take a backup.'
      out = {'message': 'mariadb-dump not found in PATH! This is required to take a backup.', 'title': 'Message', 'indicator': 'red', 'raise_exception': 1, '__frappe_exc_id': '676a5aaf0ef9e94552b285beca26c2317e7928ec4b1ad60f307ad3cd'}
      raise_exception = <class 'frappe.exceptions.ExecutableNotFound'>
frappe.exceptions.ExecutableNotFound: mariadb-dump not found in PATH! This is required to take a backup.
Backup failed for Site crm.localhost. Database or site_config.json may be corrupted
Traceback with variables (most recent call last):
  File "apps/frappe/frappe/commands/site.py", line 845, in backup
    odb = scheduled_backup(
      context = {'sites': ['crm.localhost', 'insights.localhost', 'library.localhost'], 'force': False, 'verbose': True, 'profile': False}
      with_files = False
      backup_path = None
      backup_path_db = None
      backup_path_files = None
      backup_path_private_files = None
      backup_path_conf = None
      ignore_backup_conf = False
      verbose = True
      compress = False
      include = ''
      exclude = ''
      old_backup_metadata = False
      scheduled_backup = <function scheduled_backup at 0x10957e200>
      exit_code = 0
      rollback_callback = None
      site = 'crm.localhost'
  File "apps/frappe/frappe/utils/backups.py", line 568, in scheduled_backup
    return new_backup(
      older_than = 6
      ignore_files = True
      backup_path = None
      backup_path_db = None
      backup_path_files = None
      backup_path_private_files = None
      backup_path_conf = None
      ignore_conf = False
      include_doctypes = ''
      exclude_doctypes = ''
      compress = False
      force = True
      verbose = True
      old_backup_metadata = False
      rollback_callback = <frappe.utils.CallbackManager object at 0x109b478b0>
  File "apps/frappe/frappe/utils/backups.py", line 626, in new_backup
    odb.get_backup(older_than, ignore_files, force=force)
      older_than = 6
      ignore_files = True
      backup_path = None
      backup_path_db = None
      backup_path_files = None
      backup_path_private_files = None
      backup_path_conf = None
      ignore_conf = False
      include_doctypes = ''
      exclude_doctypes = ''
      compress = False
      force = True
      verbose = True
      old_backup_metadata = False
      rollback_callback = <frappe.utils.CallbackManager object at 0x109b478b0>
      odb = <frappe.utils.backups.BackupGenerator object at 0x109b47950>
  File "apps/frappe/frappe/utils/backups.py", line 195, in get_backup
    self.delete_if_step_fails(self.take_dump, self.backup_path_db)
      self = <frappe.utils.backups.BackupGenerator object at 0x109b47950>
      older_than = 6
      ignore_files = True
      force = True
      last_db = False
      last_file = False
      last_private_file = False
      site_config_backup_path = False
  File "apps/frappe/frappe/utils/backups.py", line 520, in delete_if_step_fails
    raise e
      self = <frappe.utils.backups.BackupGenerator object at 0x109b47950>
      step = <bound method BackupGenerator.take_dump of <frappe.utils.backups.BackupGenerator object at 0x109b47950>>
      paths = ('./crm.localhost/private/backups/20251103_120002-crm_localhost-database.sql.gz',)
      path = './crm.localhost/private/backups/20251103_120002-crm_localhost-database.sql.gz'
  File "apps/frappe/frappe/utils/backups.py", line 515, in delete_if_step_fails
    step()
      self = <frappe.utils.backups.BackupGenerator object at 0x109b47950>
      step = <bound method BackupGenerator.take_dump of <frappe.utils.backups.BackupGenerator object at 0x109b47950>>
      paths = ('./crm.localhost/private/backups/20251103_120002-crm_localhost-database.sql.gz',)
      path = './crm.localhost/private/backups/20251103_120002-crm_localhost-database.sql.gz'
  File "apps/frappe/frappe/utils/backups.py", line 457, in take_dump
    frappe.throw(
      self = <frappe.utils.backups.BackupGenerator object at 0x109b47950>
      shlex = <module 'shlex' from '/opt/homebrew/Cellar/python@3.12/3.12.12/Frameworks/Python.framework/Versions/3.12/lib/python3.12/shlex.py'>
      frappe = <module 'frappe' from 'apps/frappe/frappe/__init__.py'>
      get_app_branch = <function get_app_branch at 0x1086a8900>
      gzip_exc = '/usr/bin/gzip'
      database_header_content = ['begin frappe metadata', '[frappe]', 'version = 15.87.0', 'branch = version-15', 'end frappe metadata', '']
      generated_header = '-- begin frappe metadata\n-- [frappe]\n-- version = 15.87.0\n-- branch = version-15\n-- end frappe metadata\n-- \n'
      f = <_io.TextIOWrapper name='./crm.localhost/private/backups/20251103_120002-crm_localhost-database.sql.gz' encoding='UTF-8'>
      cmd = []
      extra = []
      get_command = <function get_command at 0x1099afa60>
      bin = None
      args = ['--user=_9814a4929be7d80c', '--host=127.0.0.1', '--port=3306', '--password=zQIkcR46Jtuxaaxx', '--single-transaction', '--quick', '--lock-tables=false', '_9814a4929be7d80c']
      bin_name = 'mariadb-dump'
  File "apps/frappe/frappe/__init__.py", line 609, in throw
    msgprint(
      msg = 'mariadb-dump not found in PATH! This is required to take a backup.'
      exc = <class 'frappe.exceptions.ExecutableNotFound'>
      title = None
      is_minimizable = False
      wide = False
      as_list = False
      primary_action = None
  File "apps/frappe/frappe/__init__.py", line 574, in msgprint
    _raise_exception()
      msg = 'mariadb-dump not found in PATH! This is required to take a backup.'
      title = None
      raise_exception = <class 'frappe.exceptions.ExecutableNotFound'>
      as_table = False
      as_list = False
      indicator = 'red'
      alert = False
      primary_action = None
      is_minimizable = False
      wide = False
      realtime = False
      sys = <module 'sys' (built-in)>
      _raise_exception = <function msgprint.<locals>._raise_exception at 0x1086a87c0>
      inspect = <module 'inspect' from '/opt/homebrew/Cellar/python@3.12/3.12.12/Frameworks/Python.framework/Versions/3.12/lib/python3.12/inspect.py'>
      out = {'message': 'mariadb-dump not found in PATH! This is required to take a backup.', 'title': 'Message', 'indicator': 'red', 'raise_exception': 1, '__frappe_exc_id': 'fff6819717f9f730122da3d8ca3a58e82f885f35b8f831974182c4b7'}
  File "apps/frappe/frappe/__init__.py", line 525, in _raise_exception
    raise exc
      exc = ExecutableNotFound('mariadb-dump not found in PATH! This is required to take a backup.')
      inspect = <module 'inspect' from '/opt/homebrew/Cellar/python@3.12/3.12.12/Frameworks/Python.framework/Versions/3.12/lib/python3.12/inspect.py'>
      msg = 'mariadb-dump not found in PATH! This is required to take a backup.'
      out = {'message': 'mariadb-dump not found in PATH! This is required to take a backup.', 'title': 'Message', 'indicator': 'red', 'raise_exception': 1, '__frappe_exc_id': 'fff6819717f9f730122da3d8ca3a58e82f885f35b8f831974182c4b7'}
      raise_exception = <class 'frappe.exceptions.ExecutableNotFound'>
frappe.exceptions.ExecutableNotFound: mariadb-dump not found in PATH! This is required to take a backup.
Backup failed for Site insights.localhost. Database or site_config.json may be corrupted
Traceback with variables (most recent call last):
  File "apps/frappe/frappe/commands/site.py", line 845, in backup
    odb = scheduled_backup(
      context = {'sites': ['crm.localhost', 'insights.localhost', 'library.localhost'], 'force': False, 'verbose': True, 'profile': False}
      with_files = False
      backup_path = None
      backup_path_db = None
      backup_path_files = None
      backup_path_private_files = None
      backup_path_conf = None
      ignore_backup_conf = False
      verbose = True
      compress = False
      include = ''
      exclude = ''
      old_backup_metadata = False
      scheduled_backup = <function scheduled_backup at 0x10957e200>
      exit_code = 1
      rollback_callback = None
      site = 'insights.localhost'
  File "apps/frappe/frappe/utils/backups.py", line 568, in scheduled_backup
    return new_backup(
      older_than = 6
      ignore_files = True
      backup_path = None
      backup_path_db = None
      backup_path_files = None
      backup_path_private_files = None
      backup_path_conf = None
      ignore_conf = False
      include_doctypes = ''
      exclude_doctypes = ''
      compress = False
      force = True
      verbose = True
      old_backup_metadata = False
      rollback_callback = <frappe.utils.CallbackManager object at 0x10a140700>
  File "apps/frappe/frappe/utils/backups.py", line 626, in new_backup
    odb.get_backup(older_than, ignore_files, force=force)
      older_than = 6
      ignore_files = True
      backup_path = None
      backup_path_db = None
      backup_path_files = None
      backup_path_private_files = None
      backup_path_conf = None
      ignore_conf = False
      include_doctypes = ''
      exclude_doctypes = ''
      compress = False
      force = True
      verbose = True
      old_backup_metadata = False
      rollback_callback = <frappe.utils.CallbackManager object at 0x10a140700>
      odb = <frappe.utils.backups.BackupGenerator object at 0x10a140680>
  File "apps/frappe/frappe/utils/backups.py", line 195, in get_backup
    self.delete_if_step_fails(self.take_dump, self.backup_path_db)
      self = <frappe.utils.backups.BackupGenerator object at 0x10a140680>
      older_than = 6
      ignore_files = True
      force = True
      last_db = False
      last_file = False
      last_private_file = False
      site_config_backup_path = False
  File "apps/frappe/frappe/utils/backups.py", line 520, in delete_if_step_fails
    raise e
      self = <frappe.utils.backups.BackupGenerator object at 0x10a140680>
      step = <bound method BackupGenerator.take_dump of <frappe.utils.backups.BackupGenerator object at 0x10a140680>>
      paths = ('./crm.localhost/private/backups/20251103_120002-crm_localhost-database.sql.gz',)
      path = './crm.localhost/private/backups/20251103_120002-crm_localhost-database.sql.gz'
  File "apps/frappe/frappe/utils/backups.py", line 515, in delete_if_step_fails
    step()
      self = <frappe.utils.backups.BackupGenerator object at 0x10a140680>
      step = <bound method BackupGenerator.take_dump of <frappe.utils.backups.BackupGenerator object at 0x10a140680>>
      paths = ('./crm.localhost/private/backups/20251103_120002-crm_localhost-database.sql.gz',)
      path = './crm.localhost/private/backups/20251103_120002-crm_localhost-database.sql.gz'
  File "apps/frappe/frappe/utils/backups.py", line 457, in take_dump
    frappe.throw(
      self = <frappe.utils.backups.BackupGenerator object at 0x10a140680>
      shlex = <module 'shlex' from '/opt/homebrew/Cellar/python@3.12/3.12.12/Frameworks/Python.framework/Versions/3.12/lib/python3.12/shlex.py'>
      frappe = <module 'frappe' from 'apps/frappe/frappe/__init__.py'>
      get_app_branch = <function get_app_branch at 0x1086a8900>
      gzip_exc = '/usr/bin/gzip'
      database_header_content = ['begin frappe metadata', '[frappe]', 'version = 15.87.0', 'branch = version-15', 'end frappe metadata', '']
      generated_header = '-- begin frappe metadata\n-- [frappe]\n-- version = 15.87.0\n-- branch = version-15\n-- end frappe metadata\n-- \n'
      f = <_io.TextIOWrapper name='./crm.localhost/private/backups/20251103_120002-crm_localhost-database.sql.gz' encoding='UTF-8'>
      cmd = []
      extra = []
      get_command = <function get_command at 0x1099afa60>
      bin = None
      args = ['--user=_9814a4929be7d80c', '--host=127.0.0.1', '--port=3306', '--password=zQIkcR46Jtuxaaxx', '--single-transaction', '--quick', '--lock-tables=false', '_9814a4929be7d80c']
      bin_name = 'mariadb-dump'
  File "apps/frappe/frappe/__init__.py", line 609, in throw
    msgprint(
      msg = 'mariadb-dump not found in PATH! This is required to take a backup.'
      exc = <class 'frappe.exceptions.ExecutableNotFound'>
      title = None
      is_minimizable = False
      wide = False
      as_list = False
      primary_action = None
  File "apps/frappe/frappe/__init__.py", line 574, in msgprint
    _raise_exception()
      msg = 'mariadb-dump not found in PATH! This is required to take a backup.'
      title = None
      raise_exception = <class 'frappe.exceptions.ExecutableNotFound'>
      as_table = False
      as_list = False
      indicator = 'red'
      alert = False
      primary_action = None
      is_minimizable = False
      wide = False
      realtime = False
      sys = <module 'sys' (built-in)>
      _raise_exception = <function msgprint.<locals>._raise_exception at 0x10a1a4fe0>
      inspect = <module 'inspect' from '/opt/homebrew/Cellar/python@3.12/3.12.12/Frameworks/Python.framework/Versions/3.12/lib/python3.12/inspect.py'>
      out = {'message': 'mariadb-dump not found in PATH! This is required to take a backup.', 'title': 'Message', 'indicator': 'red', 'raise_exception': 1, '__frappe_exc_id': 'e10111b87198cb88b78675323ddaa5e1704aca42661b366742e2344a'}
  File "apps/frappe/frappe/__init__.py", line 525, in _raise_exception
    raise exc
      exc = ExecutableNotFound('mariadb-dump not found in PATH! This is required to take a backup.')
      inspect = <module 'inspect' from '/opt/homebrew/Cellar/python@3.12/3.12.12/Frameworks/Python.framework/Versions/3.12/lib/python3.12/inspect.py'>
      msg = 'mariadb-dump not found in PATH! This is required to take a backup.'
      out = {'message': 'mariadb-dump not found in PATH! This is required to take a backup.', 'title': 'Message', 'indicator': 'red', 'raise_exception': 1, '__frappe_exc_id': 'e10111b87198cb88b78675323ddaa5e1704aca42661b366742e2344a'}
      raise_exception = <class 'frappe.exceptions.ExecutableNotFound'>
frappe.exceptions.ExecutableNotFound: mariadb-dump not found in PATH! This is required to take a backup.
Backup failed for Site library.localhost. Database or site_config.json may be corrupted
Traceback with variables (most recent call last):
  File "apps/frappe/frappe/commands/site.py", line 845, in backup
    odb = scheduled_backup(
      context = {'sites': ['crm.localhost', 'insights.localhost', 'library.localhost'], 'force': False, 'verbose': True, 'profile': False}
      with_files = False
      backup_path = None
      backup_path_db = None
      backup_path_files = None
      backup_path_private_files = None
      backup_path_conf = None
      ignore_backup_conf = False
      verbose = True
      compress = False
      include = ''
      exclude = ''
      old_backup_metadata = False
      scheduled_backup = <function scheduled_backup at 0x10957e200>
      exit_code = 1
      rollback_callback = None
      site = 'library.localhost'
  File "apps/frappe/frappe/utils/backups.py", line 568, in scheduled_backup
    return new_backup(
      older_than = 6
      ignore_files = True
      backup_path = None
      backup_path_db = None
      backup_path_files = None
      backup_path_private_files = None
      backup_path_conf = None
      ignore_conf = False
      include_doctypes = ''
      exclude_doctypes = ''
      compress = False
      force = True
      verbose = True
      old_backup_metadata = False
      rollback_callback = <frappe.utils.CallbackManager object at 0x109b47700>
  File "apps/frappe/frappe/utils/backups.py", line 626, in new_backup
    odb.get_backup(older_than, ignore_files, force=force)
      older_than = 6
      ignore_files = True
      backup_path = None
      backup_path_db = None
      backup_path_files = None
      backup_path_private_files = None
      backup_path_conf = None
      ignore_conf = False
      include_doctypes = ''
      exclude_doctypes = ''
      compress = False
      force = True
      verbose = True
      old_backup_metadata = False
      rollback_callback = <frappe.utils.CallbackManager object at 0x109b47700>
      odb = <frappe.utils.backups.BackupGenerator object at 0x109b47890>
  File "apps/frappe/frappe/utils/backups.py", line 195, in get_backup
    self.delete_if_step_fails(self.take_dump, self.backup_path_db)
      self = <frappe.utils.backups.BackupGenerator object at 0x109b47890>
      older_than = 6
      ignore_files = True
      force = True
      last_db = False
      last_file = False
      last_private_file = False
      site_config_backup_path = False
  File "apps/frappe/frappe/utils/backups.py", line 520, in delete_if_step_fails
    raise e
      self = <frappe.utils.backups.BackupGenerator object at 0x109b47890>
      step = <bound method BackupGenerator.take_dump of <frappe.utils.backups.BackupGenerator object at 0x109b47890>>
      paths = ('./crm.localhost/private/backups/20251103_120002-crm_localhost-database.sql.gz',)
      path = './crm.localhost/private/backups/20251103_120002-crm_localhost-database.sql.gz'
  File "apps/frappe/frappe/utils/backups.py", line 515, in delete_if_step_fails
    step()
      self = <frappe.utils.backups.BackupGenerator object at 0x109b47890>
      step = <bound method BackupGenerator.take_dump of <frappe.utils.backups.BackupGenerator object at 0x109b47890>>
      paths = ('./crm.localhost/private/backups/20251103_120002-crm_localhost-database.sql.gz',)
      path = './crm.localhost/private/backups/20251103_120002-crm_localhost-database.sql.gz'
  File "apps/frappe/frappe/utils/backups.py", line 457, in take_dump
    frappe.throw(
      self = <frappe.utils.backups.BackupGenerator object at 0x109b47890>
      shlex = <module 'shlex' from '/opt/homebrew/Cellar/python@3.12/3.12.12/Frameworks/Python.framework/Versions/3.12/lib/python3.12/shlex.py'>
      frappe = <module 'frappe' from 'apps/frappe/frappe/__init__.py'>
      get_app_branch = <function get_app_branch at 0x1086a8900>
      gzip_exc = '/usr/bin/gzip'
      database_header_content = ['begin frappe metadata', '[frappe]', 'version = 15.87.0', 'branch = version-15', 'end frappe metadata', '']
      generated_header = '-- begin frappe metadata\n-- [frappe]\n-- version = 15.87.0\n-- branch = version-15\n-- end frappe metadata\n-- \n'
      f = <_io.TextIOWrapper name='./crm.localhost/private/backups/20251103_120002-crm_localhost-database.sql.gz' encoding='UTF-8'>
      cmd = []
      extra = []
      get_command = <function get_command at 0x1099afa60>
      bin = None
      args = ['--user=_9814a4929be7d80c', '--host=127.0.0.1', '--port=3306', '--password=zQIkcR46Jtuxaaxx', '--single-transaction', '--quick', '--lock-tables=false', '_9814a4929be7d80c']
      bin_name = 'mariadb-dump'
  File "apps/frappe/frappe/__init__.py", line 609, in throw
    msgprint(
      msg = 'mariadb-dump not found in PATH! This is required to take a backup.'
      exc = <class 'frappe.exceptions.ExecutableNotFound'>
      title = None
      is_minimizable = False
      wide = False
      as_list = False
      primary_action = None
  File "apps/frappe/frappe/__init__.py", line 574, in msgprint
    _raise_exception()
      msg = 'mariadb-dump not found in PATH! This is required to take a backup.'
      title = None
      raise_exception = <class 'frappe.exceptions.ExecutableNotFound'>
      as_table = False
      as_list = False
      indicator = 'red'
      alert = False
      primary_action = None
      is_minimizable = False
      wide = False
      realtime = False
      sys = <module 'sys' (built-in)>
      _raise_exception = <function msgprint.<locals>._raise_exception at 0x10a1a51c0>
      inspect = <module 'inspect' from '/opt/homebrew/Cellar/python@3.12/3.12.12/Frameworks/Python.framework/Versions/3.12/lib/python3.12/inspect.py'>
      out = {'message': 'mariadb-dump not found in PATH! This is required to take a backup.', 'title': 'Message', 'indicator': 'red', 'raise_exception': 1, '__frappe_exc_id': 'dbc0f73e33b61b02f275575e2464aec0c85b271f05fb5137e7a1dc02'}
  File "apps/frappe/frappe/__init__.py", line 525, in _raise_exception
    raise exc
      exc = ExecutableNotFound('mariadb-dump not found in PATH! This is required to take a backup.')
      inspect = <module 'inspect' from '/opt/homebrew/Cellar/python@3.12/3.12.12/Frameworks/Python.framework/Versions/3.12/lib/python3.12/inspect.py'>
      msg = 'mariadb-dump not found in PATH! This is required to take a backup.'
      out = {'message': 'mariadb-dump not found in PATH! This is required to take a backup.', 'title': 'Message', 'indicator': 'red', 'raise_exception': 1, '__frappe_exc_id': 'dbc0f73e33b61b02f275575e2464aec0c85b271f05fb5137e7a1dc02'}
      raise_exception = <class 'frappe.exceptions.ExecutableNotFound'>
frappe.exceptions.ExecutableNotFound: mariadb-dump not found in PATH! This is required to take a backup.
Backup failed for Site crm.localhost. Database or site_config.json may be corrupted
Traceback with variables (most recent call last):
  File "apps/frappe/frappe/commands/site.py", line 845, in backup
    odb = scheduled_backup(
      context = {'sites': ['crm.localhost', 'insights.localhost', 'library.localhost'], 'force': False, 'verbose': True, 'profile': False}
      with_files = False
      backup_path = None
      backup_path_db = None
      backup_path_files = None
      backup_path_private_files = None
      backup_path_conf = None
      ignore_backup_conf = False
      verbose = True
      compress = False
      include = ''
      exclude = ''
      old_backup_metadata = False
      scheduled_backup = <function scheduled_backup at 0x10ae56200>
      exit_code = 0
      rollback_callback = None
      site = 'crm.localhost'
  File "apps/frappe/frappe/utils/backups.py", line 568, in scheduled_backup
    return new_backup(
      older_than = 6
      ignore_files = True
      backup_path = None
      backup_path_db = None
      backup_path_files = None
      backup_path_private_files = None
      backup_path_conf = None
      ignore_conf = False
      include_doctypes = ''
      exclude_doctypes = ''
      compress = False
      force = True
      verbose = True
      old_backup_metadata = False
      rollback_callback = <frappe.utils.CallbackManager object at 0x10b41fb50>
  File "apps/frappe/frappe/utils/backups.py", line 626, in new_backup
    odb.get_backup(older_than, ignore_files, force=force)
      older_than = 6
      ignore_files = True
      backup_path = None
      backup_path_db = None
      backup_path_files = None
      backup_path_private_files = None
      backup_path_conf = None
      ignore_conf = False
      include_doctypes = ''
      exclude_doctypes = ''
      compress = False
      force = True
      verbose = True
      old_backup_metadata = False
      rollback_callback = <frappe.utils.CallbackManager object at 0x10b41fb50>
      odb = <frappe.utils.backups.BackupGenerator object at 0x10b41fbf0>
  File "apps/frappe/frappe/utils/backups.py", line 195, in get_backup
    self.delete_if_step_fails(self.take_dump, self.backup_path_db)
      self = <frappe.utils.backups.BackupGenerator object at 0x10b41fbf0>
      older_than = 6
      ignore_files = True
      force = True
      last_db = False
      last_file = False
      last_private_file = False
      site_config_backup_path = False
  File "apps/frappe/frappe/utils/backups.py", line 520, in delete_if_step_fails
    raise e
      self = <frappe.utils.backups.BackupGenerator object at 0x10b41fbf0>
      step = <bound method BackupGenerator.take_dump of <frappe.utils.backups.BackupGenerator object at 0x10b41fbf0>>
      paths = ('./crm.localhost/private/backups/20251103_180003-crm_localhost-database.sql.gz',)
      path = './crm.localhost/private/backups/20251103_180003-crm_localhost-database.sql.gz'
  File "apps/frappe/frappe/utils/backups.py", line 515, in delete_if_step_fails
    step()
      self = <frappe.utils.backups.BackupGenerator object at 0x10b41fbf0>
      step = <bound method BackupGenerator.take_dump of <frappe.utils.backups.BackupGenerator object at 0x10b41fbf0>>
      paths = ('./crm.localhost/private/backups/20251103_180003-crm_localhost-database.sql.gz',)
      path = './crm.localhost/private/backups/20251103_180003-crm_localhost-database.sql.gz'
  File "apps/frappe/frappe/utils/backups.py", line 457, in take_dump
    frappe.throw(
      self = <frappe.utils.backups.BackupGenerator object at 0x10b41fbf0>
      shlex = <module 'shlex' from '/opt/homebrew/Cellar/python@3.12/3.12.12/Frameworks/Python.framework/Versions/3.12/lib/python3.12/shlex.py'>
      frappe = <module 'frappe' from 'apps/frappe/frappe/__init__.py'>
      get_app_branch = <function get_app_branch at 0x10cd732e0>
      gzip_exc = '/usr/bin/gzip'
      database_header_content = ['begin frappe metadata', '[frappe]', 'version = 15.87.0', 'branch = version-15', 'end frappe metadata', '']
      generated_header = '-- begin frappe metadata\n-- [frappe]\n-- version = 15.87.0\n-- branch = version-15\n-- end frappe metadata\n-- \n'
      f = <_io.TextIOWrapper name='./crm.localhost/private/backups/20251103_180003-crm_localhost-database.sql.gz' encoding='UTF-8'>
      cmd = []
      extra = []
      get_command = <function get_command at 0x10b287a60>
      bin = None
      args = ['--user=_9814a4929be7d80c', '--host=127.0.0.1', '--port=3306', '--password=zQIkcR46Jtuxaaxx', '--single-transaction', '--quick', '--lock-tables=false', '_9814a4929be7d80c']
      bin_name = 'mariadb-dump'
  File "apps/frappe/frappe/__init__.py", line 609, in throw
    msgprint(
      msg = 'mariadb-dump not found in PATH! This is required to take a backup.'
      exc = <class 'frappe.exceptions.ExecutableNotFound'>
      title = None
      is_minimizable = False
      wide = False
      as_list = False
      primary_action = None
  File "apps/frappe/frappe/__init__.py", line 574, in msgprint
    _raise_exception()
      msg = 'mariadb-dump not found in PATH! This is required to take a backup.'
      title = None
      raise_exception = <class 'frappe.exceptions.ExecutableNotFound'>
      as_table = False
      as_list = False
      indicator = 'red'
      alert = False
      primary_action = None
      is_minimizable = False
      wide = False
      realtime = False
      sys = <module 'sys' (built-in)>
      _raise_exception = <function msgprint.<locals>._raise_exception at 0x10cd81d00>
      inspect = <module 'inspect' from '/opt/homebrew/Cellar/python@3.12/3.12.12/Frameworks/Python.framework/Versions/3.12/lib/python3.12/inspect.py'>
      out = {'message': 'mariadb-dump not found in PATH! This is required to take a backup.', 'title': 'Message', 'indicator': 'red', 'raise_exception': 1, '__frappe_exc_id': 'ecee09155791b1d63c5d1865a47f44f590ce38940864e6dedbfdee73'}
  File "apps/frappe/frappe/__init__.py", line 525, in _raise_exception
    raise exc
      exc = ExecutableNotFound('mariadb-dump not found in PATH! This is required to take a backup.')
      inspect = <module 'inspect' from '/opt/homebrew/Cellar/python@3.12/3.12.12/Frameworks/Python.framework/Versions/3.12/lib/python3.12/inspect.py'>
      msg = 'mariadb-dump not found in PATH! This is required to take a backup.'
      out = {'message': 'mariadb-dump not found in PATH! This is required to take a backup.', 'title': 'Message', 'indicator': 'red', 'raise_exception': 1, '__frappe_exc_id': 'ecee09155791b1d63c5d1865a47f44f590ce38940864e6dedbfdee73'}
      raise_exception = <class 'frappe.exceptions.ExecutableNotFound'>
frappe.exceptions.ExecutableNotFound: mariadb-dump not found in PATH! This is required to take a backup.
Backup failed for Site insights.localhost. Database or site_config.json may be corrupted
Traceback with variables (most recent call last):
  File "apps/frappe/frappe/commands/site.py", line 845, in backup
    odb = scheduled_backup(
      context = {'sites': ['crm.localhost', 'insights.localhost', 'library.localhost'], 'force': False, 'verbose': True, 'profile': False}
      with_files = False
      backup_path = None
      backup_path_db = None
      backup_path_files = None
      backup_path_private_files = None
      backup_path_conf = None
      ignore_backup_conf = False
      verbose = True
      compress = False
      include = ''
      exclude = ''
      old_backup_metadata = False
      scheduled_backup = <function scheduled_backup at 0x10ae56200>
      exit_code = 1
      rollback_callback = None
      site = 'insights.localhost'
  File "apps/frappe/frappe/utils/backups.py", line 568, in scheduled_backup
    return new_backup(
      older_than = 6
      ignore_files = True
      backup_path = None
      backup_path_db = None
      backup_path_files = None
      backup_path_private_files = None
      backup_path_conf = None
      ignore_conf = False
      include_doctypes = ''
      exclude_doctypes = ''
      compress = False
      force = True
      verbose = True
      old_backup_metadata = False
      rollback_callback = <frappe.utils.CallbackManager object at 0x109914e20>
  File "apps/frappe/frappe/utils/backups.py", line 626, in new_backup
    odb.get_backup(older_than, ignore_files, force=force)
      older_than = 6
      ignore_files = True
      backup_path = None
      backup_path_db = None
      backup_path_files = None
      backup_path_private_files = None
      backup_path_conf = None
      ignore_conf = False
      include_doctypes = ''
      exclude_doctypes = ''
      compress = False
      force = True
      verbose = True
      old_backup_metadata = False
      rollback_callback = <frappe.utils.CallbackManager object at 0x109914e20>
      odb = <frappe.utils.backups.BackupGenerator object at 0x10ce31220>
  File "apps/frappe/frappe/utils/backups.py", line 195, in get_backup
    self.delete_if_step_fails(self.take_dump, self.backup_path_db)
      self = <frappe.utils.backups.BackupGenerator object at 0x10ce31220>
      older_than = 6
      ignore_files = True
      force = True
      last_db = False
      last_file = False
      last_private_file = False
      site_config_backup_path = False
  File "apps/frappe/frappe/utils/backups.py", line 520, in delete_if_step_fails
    raise e
      self = <frappe.utils.backups.BackupGenerator object at 0x10ce31220>
      step = <bound method BackupGenerator.take_dump of <frappe.utils.backups.BackupGenerator object at 0x10ce31220>>
      paths = ('./crm.localhost/private/backups/20251103_180003-crm_localhost-database.sql.gz',)
      path = './crm.localhost/private/backups/20251103_180003-crm_localhost-database.sql.gz'
  File "apps/frappe/frappe/utils/backups.py", line 515, in delete_if_step_fails
    step()
      self = <frappe.utils.backups.BackupGenerator object at 0x10ce31220>
      step = <bound method BackupGenerator.take_dump of <frappe.utils.backups.BackupGenerator object at 0x10ce31220>>
      paths = ('./crm.localhost/private/backups/20251103_180003-crm_localhost-database.sql.gz',)
      path = './crm.localhost/private/backups/20251103_180003-crm_localhost-database.sql.gz'
  File "apps/frappe/frappe/utils/backups.py", line 457, in take_dump
    frappe.throw(
      self = <frappe.utils.backups.BackupGenerator object at 0x10ce31220>
      shlex = <module 'shlex' from '/opt/homebrew/Cellar/python@3.12/3.12.12/Frameworks/Python.framework/Versions/3.12/lib/python3.12/shlex.py'>
      frappe = <module 'frappe' from 'apps/frappe/frappe/__init__.py'>
      get_app_branch = <function get_app_branch at 0x10cd732e0>
      gzip_exc = '/usr/bin/gzip'
      database_header_content = ['begin frappe metadata', '[frappe]', 'version = 15.87.0', 'branch = version-15', 'end frappe metadata', '']
      generated_header = '-- begin frappe metadata\n-- [frappe]\n-- version = 15.87.0\n-- branch = version-15\n-- end frappe metadata\n-- \n'
      f = <_io.TextIOWrapper name='./crm.localhost/private/backups/20251103_180003-crm_localhost-database.sql.gz' encoding='UTF-8'>
      cmd = []
      extra = []
      get_command = <function get_command at 0x10b287a60>
      bin = None
      args = ['--user=_9814a4929be7d80c', '--host=127.0.0.1', '--port=3306', '--password=zQIkcR46Jtuxaaxx', '--single-transaction', '--quick', '--lock-tables=false', '_9814a4929be7d80c']
      bin_name = 'mariadb-dump'
  File "apps/frappe/frappe/__init__.py", line 609, in throw
    msgprint(
      msg = 'mariadb-dump not found in PATH! This is required to take a backup.'
      exc = <class 'frappe.exceptions.ExecutableNotFound'>
      title = None
      is_minimizable = False
      wide = False
      as_list = False
      primary_action = None
  File "apps/frappe/frappe/__init__.py", line 574, in msgprint
    _raise_exception()
      msg = 'mariadb-dump not found in PATH! This is required to take a backup.'
      title = None
      raise_exception = <class 'frappe.exceptions.ExecutableNotFound'>
      as_table = False
      as_list = False
      indicator = 'red'
      alert = False
      primary_action = None
      is_minimizable = False
      wide = False
      realtime = False
      sys = <module 'sys' (built-in)>
      _raise_exception = <function msgprint.<locals>._raise_exception at 0x10d1d49a0>
      inspect = <module 'inspect' from '/opt/homebrew/Cellar/python@3.12/3.12.12/Frameworks/Python.framework/Versions/3.12/lib/python3.12/inspect.py'>
      out = {'message': 'mariadb-dump not found in PATH! This is required to take a backup.', 'title': 'Message', 'indicator': 'red', 'raise_exception': 1, '__frappe_exc_id': 'f372d5749268d82f55d204ebb23e98025b765f42058fa3582ebdbb03'}
  File "apps/frappe/frappe/__init__.py", line 525, in _raise_exception
    raise exc
      exc = ExecutableNotFound('mariadb-dump not found in PATH! This is required to take a backup.')
      inspect = <module 'inspect' from '/opt/homebrew/Cellar/python@3.12/3.12.12/Frameworks/Python.framework/Versions/3.12/lib/python3.12/inspect.py'>
      msg = 'mariadb-dump not found in PATH! This is required to take a backup.'
      out = {'message': 'mariadb-dump not found in PATH! This is required to take a backup.', 'title': 'Message', 'indicator': 'red', 'raise_exception': 1, '__frappe_exc_id': 'f372d5749268d82f55d204ebb23e98025b765f42058fa3582ebdbb03'}
      raise_exception = <class 'frappe.exceptions.ExecutableNotFound'>
frappe.exceptions.ExecutableNotFound: mariadb-dump not found in PATH! This is required to take a backup.
Backup failed for Site library.localhost. Database or site_config.json may be corrupted
Traceback with variables (most recent call last):
  File "apps/frappe/frappe/commands/site.py", line 845, in backup
    odb = scheduled_backup(
      context = {'sites': ['crm.localhost', 'insights.localhost', 'library.localhost'], 'force': False, 'verbose': True, 'profile': False}
      with_files = False
      backup_path = None
      backup_path_db = None
      backup_path_files = None
      backup_path_private_files = None
      backup_path_conf = None
      ignore_backup_conf = False
      verbose = True
      compress = False
      include = ''
      exclude = ''
      old_backup_metadata = False
      scheduled_backup = <function scheduled_backup at 0x10ae56200>
      exit_code = 1
      rollback_callback = None
      site = 'library.localhost'
  File "apps/frappe/frappe/utils/backups.py", line 568, in scheduled_backup
    return new_backup(
      older_than = 6
      ignore_files = True
      backup_path = None
      backup_path_db = None
      backup_path_files = None
      backup_path_private_files = None
      backup_path_conf = None
      ignore_conf = False
      include_doctypes = ''
      exclude_doctypes = ''
      compress = False
      force = True
      verbose = True
      old_backup_metadata = False
      rollback_callback = <frappe.utils.CallbackManager object at 0x10d1f7be0>
  File "apps/frappe/frappe/utils/backups.py", line 626, in new_backup
    odb.get_backup(older_than, ignore_files, force=force)
      older_than = 6
      ignore_files = True
      backup_path = None
      backup_path_db = None
      backup_path_files = None
      backup_path_private_files = None
      backup_path_conf = None
      ignore_conf = False
      include_doctypes = ''
      exclude_doctypes = ''
      compress = False
      force = True
      verbose = True
      old_backup_metadata = False
      rollback_callback = <frappe.utils.CallbackManager object at 0x10d1f7be0>
      odb = <frappe.utils.backups.BackupGenerator object at 0x10d1f7bc0>
  File "apps/frappe/frappe/utils/backups.py", line 195, in get_backup
    self.delete_if_step_fails(self.take_dump, self.backup_path_db)
      self = <frappe.utils.backups.BackupGenerator object at 0x10d1f7bc0>
      older_than = 6
      ignore_files = True
      force = True
      last_db = False
      last_file = False
      last_private_file = False
      site_config_backup_path = False
  File "apps/frappe/frappe/utils/backups.py", line 520, in delete_if_step_fails
    raise e
      self = <frappe.utils.backups.BackupGenerator object at 0x10d1f7bc0>
      step = <bound method BackupGenerator.take_dump of <frappe.utils.backups.BackupGenerator object at 0x10d1f7bc0>>
      paths = ('./crm.localhost/private/backups/20251103_180003-crm_localhost-database.sql.gz',)
      path = './crm.localhost/private/backups/20251103_180003-crm_localhost-database.sql.gz'
  File "apps/frappe/frappe/utils/backups.py", line 515, in delete_if_step_fails
    step()
      self = <frappe.utils.backups.BackupGenerator object at 0x10d1f7bc0>
      step = <bound method BackupGenerator.take_dump of <frappe.utils.backups.BackupGenerator object at 0x10d1f7bc0>>
      paths = ('./crm.localhost/private/backups/20251103_180003-crm_localhost-database.sql.gz',)
      path = './crm.localhost/private/backups/20251103_180003-crm_localhost-database.sql.gz'
  File "apps/frappe/frappe/utils/backups.py", line 457, in take_dump
    frappe.throw(
      self = <frappe.utils.backups.BackupGenerator object at 0x10d1f7bc0>
      shlex = <module 'shlex' from '/opt/homebrew/Cellar/python@3.12/3.12.12/Frameworks/Python.framework/Versions/3.12/lib/python3.12/shlex.py'>
      frappe = <module 'frappe' from 'apps/frappe/frappe/__init__.py'>
      get_app_branch = <function get_app_branch at 0x10cd732e0>
      gzip_exc = '/usr/bin/gzip'
      database_header_content = ['begin frappe metadata', '[frappe]', 'version = 15.87.0', 'branch = version-15', 'end frappe metadata', '']
      generated_header = '-- begin frappe metadata\n-- [frappe]\n-- version = 15.87.0\n-- branch = version-15\n-- end frappe metadata\n-- \n'
      f = <_io.TextIOWrapper name='./crm.localhost/private/backups/20251103_180003-crm_localhost-database.sql.gz' encoding='UTF-8'>
      cmd = []
      extra = []
      get_command = <function get_command at 0x10b287a60>
      bin = None
      args = ['--user=_9814a4929be7d80c', '--host=127.0.0.1', '--port=3306', '--password=zQIkcR46Jtuxaaxx', '--single-transaction', '--quick', '--lock-tables=false', '_9814a4929be7d80c']
      bin_name = 'mariadb-dump'
  File "apps/frappe/frappe/__init__.py", line 609, in throw
    msgprint(
      msg = 'mariadb-dump not found in PATH! This is required to take a backup.'
      exc = <class 'frappe.exceptions.ExecutableNotFound'>
      title = None
      is_minimizable = False
      wide = False
      as_list = False
      primary_action = None
  File "apps/frappe/frappe/__init__.py", line 574, in msgprint
    _raise_exception()
      msg = 'mariadb-dump not found in PATH! This is required to take a backup.'
      title = None
      raise_exception = <class 'frappe.exceptions.ExecutableNotFound'>
      as_table = False
      as_list = False
      indicator = 'red'
      alert = False
      primary_action = None
      is_minimizable = False
      wide = False
      realtime = False
      sys = <module 'sys' (built-in)>
      _raise_exception = <function msgprint.<locals>._raise_exception at 0x10d1d7e20>
      inspect = <module 'inspect' from '/opt/homebrew/Cellar/python@3.12/3.12.12/Frameworks/Python.framework/Versions/3.12/lib/python3.12/inspect.py'>
      out = {'message': 'mariadb-dump not found in PATH! This is required to take a backup.', 'title': 'Message', 'indicator': 'red', 'raise_exception': 1, '__frappe_exc_id': '9191db7e292ee1776e74fff78d74212b07024ce81f26b61c5a1eaca3'}
  File "apps/frappe/frappe/__init__.py", line 525, in _raise_exception
    raise exc
      exc = ExecutableNotFound('mariadb-dump not found in PATH! This is required to take a backup.')
      inspect = <module 'inspect' from '/opt/homebrew/Cellar/python@3.12/3.12.12/Frameworks/Python.framework/Versions/3.12/lib/python3.12/inspect.py'>
      msg = 'mariadb-dump not found in PATH! This is required to take a backup.'
      out = {'message': 'mariadb-dump not found in PATH! This is required to take a backup.', 'title': 'Message', 'indicator': 'red', 'raise_exception': 1, '__frappe_exc_id': '9191db7e292ee1776e74fff78d74212b07024ce81f26b61c5a1eaca3'}
      raise_exception = <class 'frappe.exceptions.ExecutableNotFound'>
frappe.exceptions.ExecutableNotFound: mariadb-dump not found in PATH! This is required to take a backup.
Backup failed for Site crm.localhost. Database or site_config.json may be corrupted
Traceback with variables (most recent call last):
  File "apps/frappe/frappe/commands/site.py", line 845, in backup
    odb = scheduled_backup(
      context = {'sites': ['crm.localhost', 'insights.localhost', 'library.localhost'], 'force': False, 'verbose': True, 'profile': False}
      with_files = False
      backup_path = None
      backup_path_db = None
      backup_path_files = None
      backup_path_private_files = None
      backup_path_conf = None
      ignore_backup_conf = False
      verbose = True
      compress = False
      include = ''
      exclude = ''
      old_backup_metadata = False
      scheduled_backup = <function scheduled_backup at 0x1071f2200>
      exit_code = 0
      rollback_callback = None
      site = 'crm.localhost'
  File "apps/frappe/frappe/utils/backups.py", line 568, in scheduled_backup
    return new_backup(
      older_than = 6
      ignore_files = True
      backup_path = None
      backup_path_db = None
      backup_path_files = None
      backup_path_private_files = None
      backup_path_conf = None
      ignore_conf = False
      include_doctypes = ''
      exclude_doctypes = ''
      compress = False
      force = True
      verbose = True
      old_backup_metadata = False
      rollback_callback = <frappe.utils.CallbackManager object at 0x1077dfe50>
  File "apps/frappe/frappe/utils/backups.py", line 626, in new_backup
    odb.get_backup(older_than, ignore_files, force=force)
      older_than = 6
      ignore_files = True
      backup_path = None
      backup_path_db = None
      backup_path_files = None
      backup_path_private_files = None
      backup_path_conf = None
      ignore_conf = False
      include_doctypes = ''
      exclude_doctypes = ''
      compress = False
      force = True
      verbose = True
      old_backup_metadata = False
      rollback_callback = <frappe.utils.CallbackManager object at 0x1077dfe50>
      odb = <frappe.utils.backups.BackupGenerator object at 0x1077dfef0>
  File "apps/frappe/frappe/utils/backups.py", line 195, in get_backup
    self.delete_if_step_fails(self.take_dump, self.backup_path_db)
      self = <frappe.utils.backups.BackupGenerator object at 0x1077dfef0>
      older_than = 6
      ignore_files = True
      force = True
      last_db = False
      last_file = False
      last_private_file = False
      site_config_backup_path = False
  File "apps/frappe/frappe/utils/backups.py", line 520, in delete_if_step_fails
    raise e
      self = <frappe.utils.backups.BackupGenerator object at 0x1077dfef0>
      step = <bound method BackupGenerator.take_dump of <frappe.utils.backups.BackupGenerator object at 0x1077dfef0>>
      paths = ('./crm.localhost/private/backups/20251104_000003-crm_localhost-database.sql.gz',)
      path = './crm.localhost/private/backups/20251104_000003-crm_localhost-database.sql.gz'
  File "apps/frappe/frappe/utils/backups.py", line 515, in delete_if_step_fails
    step()
      self = <frappe.utils.backups.BackupGenerator object at 0x1077dfef0>
      step = <bound method BackupGenerator.take_dump of <frappe.utils.backups.BackupGenerator object at 0x1077dfef0>>
      paths = ('./crm.localhost/private/backups/20251104_000003-crm_localhost-database.sql.gz',)
      path = './crm.localhost/private/backups/20251104_000003-crm_localhost-database.sql.gz'
  File "apps/frappe/frappe/utils/backups.py", line 457, in take_dump
    frappe.throw(
      self = <frappe.utils.backups.BackupGenerator object at 0x1077dfef0>
      shlex = <module 'shlex' from '/opt/homebrew/Cellar/python@3.12/3.12.12/Frameworks/Python.framework/Versions/3.12/lib/python3.12/shlex.py'>
      frappe = <module 'frappe' from 'apps/frappe/frappe/__init__.py'>
      get_app_branch = <function get_app_branch at 0x10920f2e0>
      gzip_exc = '/usr/bin/gzip'
      database_header_content = ['begin frappe metadata', '[frappe]', 'version = 15.87.0', 'branch = version-15', 'end frappe metadata', '']
      generated_header = '-- begin frappe metadata\n-- [frappe]\n-- version = 15.87.0\n-- branch = version-15\n-- end frappe metadata\n-- \n'
      f = <_io.TextIOWrapper name='./crm.localhost/private/backups/20251104_000003-crm_localhost-database.sql.gz' encoding='UTF-8'>
      cmd = []
      extra = []
      get_command = <function get_command at 0x10764ba60>
      bin = None
      args = ['--user=_9814a4929be7d80c', '--host=127.0.0.1', '--port=3306', '--password=zQIkcR46Jtuxaaxx', '--single-transaction', '--quick', '--lock-tables=false', '_9814a4929be7d80c']
      bin_name = 'mariadb-dump'
  File "apps/frappe/frappe/__init__.py", line 609, in throw
    msgprint(
      msg = 'mariadb-dump not found in PATH! This is required to take a backup.'
      exc = <class 'frappe.exceptions.ExecutableNotFound'>
      title = None
      is_minimizable = False
      wide = False
      as_list = False
      primary_action = None
  File "apps/frappe/frappe/__init__.py", line 574, in msgprint
    _raise_exception()
      msg = 'mariadb-dump not found in PATH! This is required to take a backup.'
      title = None
      raise_exception = <class 'frappe.exceptions.ExecutableNotFound'>
      as_table = False
      as_list = False
      indicator = 'red'
      alert = False
      primary_action = None
      is_minimizable = False
      wide = False
      realtime = False
      sys = <module 'sys' (built-in)>
      _raise_exception = <function msgprint.<locals>._raise_exception at 0x10921dd00>
      inspect = <module 'inspect' from '/opt/homebrew/Cellar/python@3.12/3.12.12/Frameworks/Python.framework/Versions/3.12/lib/python3.12/inspect.py'>
      out = {'message': 'mariadb-dump not found in PATH! This is required to take a backup.', 'title': 'Message', 'indicator': 'red', 'raise_exception': 1, '__frappe_exc_id': '4da4d4553dfc8a83be6005cae29e11e7023c7f54202572e0a3eceaa0'}
  File "apps/frappe/frappe/__init__.py", line 525, in _raise_exception
    raise exc
      exc = ExecutableNotFound('mariadb-dump not found in PATH! This is required to take a backup.')
      inspect = <module 'inspect' from '/opt/homebrew/Cellar/python@3.12/3.12.12/Frameworks/Python.framework/Versions/3.12/lib/python3.12/inspect.py'>
      msg = 'mariadb-dump not found in PATH! This is required to take a backup.'
      out = {'message': 'mariadb-dump not found in PATH! This is required to take a backup.', 'title': 'Message', 'indicator': 'red', 'raise_exception': 1, '__frappe_exc_id': '4da4d4553dfc8a83be6005cae29e11e7023c7f54202572e0a3eceaa0'}
      raise_exception = <class 'frappe.exceptions.ExecutableNotFound'>
frappe.exceptions.ExecutableNotFound: mariadb-dump not found in PATH! This is required to take a backup.
Backup failed for Site insights.localhost. Database or site_config.json may be corrupted
Traceback with variables (most recent call last):
  File "apps/frappe/frappe/commands/site.py", line 845, in backup
    odb = scheduled_backup(
      context = {'sites': ['crm.localhost', 'insights.localhost', 'library.localhost'], 'force': False, 'verbose': True, 'profile': False}
      with_files = False
      backup_path = None
      backup_path_db = None
      backup_path_files = None
      backup_path_private_files = None
      backup_path_conf = None
      ignore_backup_conf = False
      verbose = True
      compress = False
      include = ''
      exclude = ''
      old_backup_metadata = False
      scheduled_backup = <function scheduled_backup at 0x1071f2200>
      exit_code = 1
      rollback_callback = None
      site = 'insights.localhost'
  File "apps/frappe/frappe/utils/backups.py", line 568, in scheduled_backup
    return new_backup(
      older_than = 6
      ignore_files = True
      backup_path = None
      backup_path_db = None
      backup_path_files = None
      backup_path_private_files = None
      backup_path_conf = None
      ignore_conf = False
      include_doctypes = ''
      exclude_doctypes = ''
      compress = False
      force = True
      verbose = True
      old_backup_metadata = False
      rollback_callback = <frappe.utils.CallbackManager object at 0x10619ad40>
  File "apps/frappe/frappe/utils/backups.py", line 626, in new_backup
    odb.get_backup(older_than, ignore_files, force=force)
      older_than = 6
      ignore_files = True
      backup_path = None
      backup_path_db = None
      backup_path_files = None
      backup_path_private_files = None
      backup_path_conf = None
      ignore_conf = False
      include_doctypes = ''
      exclude_doctypes = ''
      compress = False
      force = True
      verbose = True
      old_backup_metadata = False
      rollback_callback = <frappe.utils.CallbackManager object at 0x10619ad40>
      odb = <frappe.utils.backups.BackupGenerator object at 0x105dfede0>
  File "apps/frappe/frappe/utils/backups.py", line 195, in get_backup
    self.delete_if_step_fails(self.take_dump, self.backup_path_db)
      self = <frappe.utils.backups.BackupGenerator object at 0x105dfede0>
      older_than = 6
      ignore_files = True
      force = True
      last_db = False
      last_file = False
      last_private_file = False
      site_config_backup_path = False
  File "apps/frappe/frappe/utils/backups.py", line 520, in delete_if_step_fails
    raise e
      self = <frappe.utils.backups.BackupGenerator object at 0x105dfede0>
      step = <bound method BackupGenerator.take_dump of <frappe.utils.backups.BackupGenerator object at 0x105dfede0>>
      paths = ('./crm.localhost/private/backups/20251104_000003-crm_localhost-database.sql.gz',)
      path = './crm.localhost/private/backups/20251104_000003-crm_localhost-database.sql.gz'
  File "apps/frappe/frappe/utils/backups.py", line 515, in delete_if_step_fails
    step()
      self = <frappe.utils.backups.BackupGenerator object at 0x105dfede0>
      step = <bound method BackupGenerator.take_dump of <frappe.utils.backups.BackupGenerator object at 0x105dfede0>>
      paths = ('./crm.localhost/private/backups/20251104_000003-crm_localhost-database.sql.gz',)
      path = './crm.localhost/private/backups/20251104_000003-crm_localhost-database.sql.gz'
  File "apps/frappe/frappe/utils/backups.py", line 457, in take_dump
    frappe.throw(
      self = <frappe.utils.backups.BackupGenerator object at 0x105dfede0>
      shlex = <module 'shlex' from '/opt/homebrew/Cellar/python@3.12/3.12.12/Frameworks/Python.framework/Versions/3.12/lib/python3.12/shlex.py'>
      frappe = <module 'frappe' from 'apps/frappe/frappe/__init__.py'>
      get_app_branch = <function get_app_branch at 0x10920f2e0>
      gzip_exc = '/usr/bin/gzip'
      database_header_content = ['begin frappe metadata', '[frappe]', 'version = 15.87.0', 'branch = version-15', 'end frappe metadata', '']
      generated_header = '-- begin frappe metadata\n-- [frappe]\n-- version = 15.87.0\n-- branch = version-15\n-- end frappe metadata\n-- \n'
      f = <_io.TextIOWrapper name='./crm.localhost/private/backups/20251104_000003-crm_localhost-database.sql.gz' encoding='UTF-8'>
      cmd = []
      extra = []
      get_command = <function get_command at 0x10764ba60>
      bin = None
      args = ['--user=_9814a4929be7d80c', '--host=127.0.0.1', '--port=3306', '--password=zQIkcR46Jtuxaaxx', '--single-transaction', '--quick', '--lock-tables=false', '_9814a4929be7d80c']
      bin_name = 'mariadb-dump'
  File "apps/frappe/frappe/__init__.py", line 609, in throw
    msgprint(
      msg = 'mariadb-dump not found in PATH! This is required to take a backup.'
      exc = <class 'frappe.exceptions.ExecutableNotFound'>
      title = None
      is_minimizable = False
      wide = False
      as_list = False
      primary_action = None
  File "apps/frappe/frappe/__init__.py", line 574, in msgprint
    _raise_exception()
      msg = 'mariadb-dump not found in PATH! This is required to take a backup.'
      title = None
      raise_exception = <class 'frappe.exceptions.ExecutableNotFound'>
      as_table = False
      as_list = False
      indicator = 'red'
      alert = False
      primary_action = None
      is_minimizable = False
      wide = False
      realtime = False
      sys = <module 'sys' (built-in)>
      _raise_exception = <function msgprint.<locals>._raise_exception at 0x10967c9a0>
      inspect = <module 'inspect' from '/opt/homebrew/Cellar/python@3.12/3.12.12/Frameworks/Python.framework/Versions/3.12/lib/python3.12/inspect.py'>
      out = {'message': 'mariadb-dump not found in PATH! This is required to take a backup.', 'title': 'Message', 'indicator': 'red', 'raise_exception': 1, '__frappe_exc_id': 'f823fdfa2ea04ef9ab04c53ce415c652af01a7134651636b4fe2f4c3'}
  File "apps/frappe/frappe/__init__.py", line 525, in _raise_exception
    raise exc
      exc = ExecutableNotFound('mariadb-dump not found in PATH! This is required to take a backup.')
      inspect = <module 'inspect' from '/opt/homebrew/Cellar/python@3.12/3.12.12/Frameworks/Python.framework/Versions/3.12/lib/python3.12/inspect.py'>
      msg = 'mariadb-dump not found in PATH! This is required to take a backup.'
      out = {'message': 'mariadb-dump not found in PATH! This is required to take a backup.', 'title': 'Message', 'indicator': 'red', 'raise_exception': 1, '__frappe_exc_id': 'f823fdfa2ea04ef9ab04c53ce415c652af01a7134651636b4fe2f4c3'}
      raise_exception = <class 'frappe.exceptions.ExecutableNotFound'>
frappe.exceptions.ExecutableNotFound: mariadb-dump not found in PATH! This is required to take a backup.
Backup failed for Site library.localhost. Database or site_config.json may be corrupted
Traceback with variables (most recent call last):
  File "apps/frappe/frappe/commands/site.py", line 845, in backup
    odb = scheduled_backup(
      context = {'sites': ['crm.localhost', 'insights.localhost', 'library.localhost'], 'force': False, 'verbose': True, 'profile': False}
      with_files = False
      backup_path = None
      backup_path_db = None
      backup_path_files = None
      backup_path_private_files = None
      backup_path_conf = None
      ignore_backup_conf = False
      verbose = True
      compress = False
      include = ''
      exclude = ''
      old_backup_metadata = False
      scheduled_backup = <function scheduled_backup at 0x1071f2200>
      exit_code = 1
      rollback_callback = None
      site = 'library.localhost'
  File "apps/frappe/frappe/utils/backups.py", line 568, in scheduled_backup
    return new_backup(
      older_than = 6
      ignore_files = True
      backup_path = None
      backup_path_db = None
      backup_path_files = None
      backup_path_private_files = None
      backup_path_conf = None
      ignore_conf = False
      include_doctypes = ''
      exclude_doctypes = ''
      compress = False
      force = True
      verbose = True
      old_backup_metadata = False
      rollback_callback = <frappe.utils.CallbackManager object at 0x109693e20>
  File "apps/frappe/frappe/utils/backups.py", line 626, in new_backup
    odb.get_backup(older_than, ignore_files, force=force)
      older_than = 6
      ignore_files = True
      backup_path = None
      backup_path_db = None
      backup_path_files = None
      backup_path_private_files = None
      backup_path_conf = None
      ignore_conf = False
      include_doctypes = ''
      exclude_doctypes = ''
      compress = False
      force = True
      verbose = True
      old_backup_metadata = False
      rollback_callback = <frappe.utils.CallbackManager object at 0x109693e20>
      odb = <frappe.utils.backups.BackupGenerator object at 0x109693c50>
  File "apps/frappe/frappe/utils/backups.py", line 195, in get_backup
    self.delete_if_step_fails(self.take_dump, self.backup_path_db)
      self = <frappe.utils.backups.BackupGenerator object at 0x109693c50>
      older_than = 6
      ignore_files = True
      force = True
      last_db = False
      last_file = False
      last_private_file = False
      site_config_backup_path = False
  File "apps/frappe/frappe/utils/backups.py", line 520, in delete_if_step_fails
    raise e
      self = <frappe.utils.backups.BackupGenerator object at 0x109693c50>
      step = <bound method BackupGenerator.take_dump of <frappe.utils.backups.BackupGenerator object at 0x109693c50>>
      paths = ('./crm.localhost/private/backups/20251104_000004-crm_localhost-database.sql.gz',)
      path = './crm.localhost/private/backups/20251104_000004-crm_localhost-database.sql.gz'
  File "apps/frappe/frappe/utils/backups.py", line 515, in delete_if_step_fails
    step()
      self = <frappe.utils.backups.BackupGenerator object at 0x109693c50>
      step = <bound method BackupGenerator.take_dump of <frappe.utils.backups.BackupGenerator object at 0x109693c50>>
      paths = ('./crm.localhost/private/backups/20251104_000004-crm_localhost-database.sql.gz',)
      path = './crm.localhost/private/backups/20251104_000004-crm_localhost-database.sql.gz'
  File "apps/frappe/frappe/utils/backups.py", line 457, in take_dump
    frappe.throw(
      self = <frappe.utils.backups.BackupGenerator object at 0x109693c50>
      shlex = <module 'shlex' from '/opt/homebrew/Cellar/python@3.12/3.12.12/Frameworks/Python.framework/Versions/3.12/lib/python3.12/shlex.py'>
      frappe = <module 'frappe' from 'apps/frappe/frappe/__init__.py'>
      get_app_branch = <function get_app_branch at 0x10920f2e0>
      gzip_exc = '/usr/bin/gzip'
      database_header_content = ['begin frappe metadata', '[frappe]', 'version = 15.87.0', 'branch = version-15', 'end frappe metadata', '']
      generated_header = '-- begin frappe metadata\n-- [frappe]\n-- version = 15.87.0\n-- branch = version-15\n-- end frappe metadata\n-- \n'
      f = <_io.TextIOWrapper name='./crm.localhost/private/backups/20251104_000004-crm_localhost-database.sql.gz' encoding='UTF-8'>
      cmd = []
      extra = []
      get_command = <function get_command at 0x10764ba60>
      bin = None
      args = ['--user=_9814a4929be7d80c', '--host=127.0.0.1', '--port=3306', '--password=zQIkcR46Jtuxaaxx', '--single-transaction', '--quick', '--lock-tables=false', '_9814a4929be7d80c']
      bin_name = 'mariadb-dump'
  File "apps/frappe/frappe/__init__.py", line 609, in throw
    msgprint(
      msg = 'mariadb-dump not found in PATH! This is required to take a backup.'
      exc = <class 'frappe.exceptions.ExecutableNotFound'>
      title = None
      is_minimizable = False
      wide = False
      as_list = False
      primary_action = None
  File "apps/frappe/frappe/__init__.py", line 574, in msgprint
    _raise_exception()
      msg = 'mariadb-dump not found in PATH! This is required to take a backup.'
      title = None
      raise_exception = <class 'frappe.exceptions.ExecutableNotFound'>
      as_table = False
      as_list = False
      indicator = 'red'
      alert = False
      primary_action = None
      is_minimizable = False
      wide = False
      realtime = False
      sys = <module 'sys' (built-in)>
      _raise_exception = <function msgprint.<locals>._raise_exception at 0x10967fe20>
      inspect = <module 'inspect' from '/opt/homebrew/Cellar/python@3.12/3.12.12/Frameworks/Python.framework/Versions/3.12/lib/python3.12/inspect.py'>
      out = {'message': 'mariadb-dump not found in PATH! This is required to take a backup.', 'title': 'Message', 'indicator': 'red', 'raise_exception': 1, '__frappe_exc_id': 'a85cf4f55f9f6a225a27810bf02e6ada76f439268ba444787c3fad9a'}
  File "apps/frappe/frappe/__init__.py", line 525, in _raise_exception
    raise exc
      exc = ExecutableNotFound('mariadb-dump not found in PATH! This is required to take a backup.')
      inspect = <module 'inspect' from '/opt/homebrew/Cellar/python@3.12/3.12.12/Frameworks/Python.framework/Versions/3.12/lib/python3.12/inspect.py'>
      msg = 'mariadb-dump not found in PATH! This is required to take a backup.'
      out = {'message': 'mariadb-dump not found in PATH! This is required to take a backup.', 'title': 'Message', 'indicator': 'red', 'raise_exception': 1, '__frappe_exc_id': 'a85cf4f55f9f6a225a27810bf02e6ada76f439268ba444787c3fad9a'}
      raise_exception = <class 'frappe.exceptions.ExecutableNotFound'>
frappe.exceptions.ExecutableNotFound: mariadb-dump not found in PATH! This is required to take a backup.
Backup failed for Site crm.localhost. Database or site_config.json may be corrupted
Traceback with variables (most recent call last):
  File "apps/frappe/frappe/commands/site.py", line 845, in backup
    odb = scheduled_backup(
      context = {'sites': ['crm.localhost', 'insights.localhost', 'library.localhost'], 'force': False, 'verbose': True, 'profile': False}
      with_files = False
      backup_path = None
      backup_path_db = None
      backup_path_files = None
      backup_path_private_files = None
      backup_path_conf = None
      ignore_backup_conf = False
      verbose = True
      compress = False
      include = ''
      exclude = ''
      old_backup_metadata = False
      scheduled_backup = <function scheduled_backup at 0x10acce200>
      exit_code = 0
      rollback_callback = None
      site = 'crm.localhost'
  File "apps/frappe/frappe/utils/backups.py", line 568, in scheduled_backup
    return new_backup(
      older_than = 6
      ignore_files = True
      backup_path = None
      backup_path_db = None
      backup_path_files = None
      backup_path_private_files = None
      backup_path_conf = None
      ignore_conf = False
      include_doctypes = ''
      exclude_doctypes = ''
      compress = False
      force = True
      verbose = True
      old_backup_metadata = False
      rollback_callback = <frappe.utils.CallbackManager object at 0x10b2f00d0>
  File "apps/frappe/frappe/utils/backups.py", line 626, in new_backup
    odb.get_backup(older_than, ignore_files, force=force)
      older_than = 6
      ignore_files = True
      backup_path = None
      backup_path_db = None
      backup_path_files = None
      backup_path_private_files = None
      backup_path_conf = None
      ignore_conf = False
      include_doctypes = ''
      exclude_doctypes = ''
      compress = False
      force = True
      verbose = True
      old_backup_metadata = False
      rollback_callback = <frappe.utils.CallbackManager object at 0x10b2f00d0>
      odb = <frappe.utils.backups.BackupGenerator object at 0x10b2f0170>
  File "apps/frappe/frappe/utils/backups.py", line 195, in get_backup
    self.delete_if_step_fails(self.take_dump, self.backup_path_db)
      self = <frappe.utils.backups.BackupGenerator object at 0x10b2f0170>
      older_than = 6
      ignore_files = True
      force = True
      last_db = False
      last_file = False
      last_private_file = False
      site_config_backup_path = False
  File "apps/frappe/frappe/utils/backups.py", line 520, in delete_if_step_fails
    raise e
      self = <frappe.utils.backups.BackupGenerator object at 0x10b2f0170>
      step = <bound method BackupGenerator.take_dump of <frappe.utils.backups.BackupGenerator object at 0x10b2f0170>>
      paths = ('./crm.localhost/private/backups/20251104_060002-crm_localhost-database.sql.gz',)
      path = './crm.localhost/private/backups/20251104_060002-crm_localhost-database.sql.gz'
  File "apps/frappe/frappe/utils/backups.py", line 515, in delete_if_step_fails
    step()
      self = <frappe.utils.backups.BackupGenerator object at 0x10b2f0170>
      step = <bound method BackupGenerator.take_dump of <frappe.utils.backups.BackupGenerator object at 0x10b2f0170>>
      paths = ('./crm.localhost/private/backups/20251104_060002-crm_localhost-database.sql.gz',)
      path = './crm.localhost/private/backups/20251104_060002-crm_localhost-database.sql.gz'
  File "apps/frappe/frappe/utils/backups.py", line 457, in take_dump
    frappe.throw(
      self = <frappe.utils.backups.BackupGenerator object at 0x10b2f0170>
      shlex = <module 'shlex' from '/opt/homebrew/Cellar/python@3.12/3.12.12/Frameworks/Python.framework/Versions/3.12/lib/python3.12/shlex.py'>
      frappe = <module 'frappe' from 'apps/frappe/frappe/__init__.py'>
      get_app_branch = <function get_app_branch at 0x10cbeb2e0>
      gzip_exc = '/usr/bin/gzip'
      database_header_content = ['begin frappe metadata', '[frappe]', 'version = 15.87.0', 'branch = version-15', 'end frappe metadata', '']
      generated_header = '-- begin frappe metadata\n-- [frappe]\n-- version = 15.87.0\n-- branch = version-15\n-- end frappe metadata\n-- \n'
      f = <_io.TextIOWrapper name='./crm.localhost/private/backups/20251104_060002-crm_localhost-database.sql.gz' encoding='UTF-8'>
      cmd = []
      extra = []
      get_command = <function get_command at 0x10b127a60>
      bin = None
      args = ['--user=_9814a4929be7d80c', '--host=127.0.0.1', '--port=3306', '--password=zQIkcR46Jtuxaaxx', '--single-transaction', '--quick', '--lock-tables=false', '_9814a4929be7d80c']
      bin_name = 'mariadb-dump'
  File "apps/frappe/frappe/__init__.py", line 609, in throw
    msgprint(
      msg = 'mariadb-dump not found in PATH! This is required to take a backup.'
      exc = <class 'frappe.exceptions.ExecutableNotFound'>
      title = None
      is_minimizable = False
      wide = False
      as_list = False
      primary_action = None
  File "apps/frappe/frappe/__init__.py", line 574, in msgprint
    _raise_exception()
      msg = 'mariadb-dump not found in PATH! This is required to take a backup.'
      title = None
      raise_exception = <class 'frappe.exceptions.ExecutableNotFound'>
      as_table = False
      as_list = False
      indicator = 'red'
      alert = False
      primary_action = None
      is_minimizable = False
      wide = False
      realtime = False
      sys = <module 'sys' (built-in)>
      _raise_exception = <function msgprint.<locals>._raise_exception at 0x10cbf9d00>
      inspect = <module 'inspect' from '/opt/homebrew/Cellar/python@3.12/3.12.12/Frameworks/Python.framework/Versions/3.12/lib/python3.12/inspect.py'>
      out = {'message': 'mariadb-dump not found in PATH! This is required to take a backup.', 'title': 'Message', 'indicator': 'red', 'raise_exception': 1, '__frappe_exc_id': '85f2d9166d454dace687d4cb9cf7b2b65a4bc0060607b2f1f431cd0d'}
  File "apps/frappe/frappe/__init__.py", line 525, in _raise_exception
    raise exc
      exc = ExecutableNotFound('mariadb-dump not found in PATH! This is required to take a backup.')
      inspect = <module 'inspect' from '/opt/homebrew/Cellar/python@3.12/3.12.12/Frameworks/Python.framework/Versions/3.12/lib/python3.12/inspect.py'>
      msg = 'mariadb-dump not found in PATH! This is required to take a backup.'
      out = {'message': 'mariadb-dump not found in PATH! This is required to take a backup.', 'title': 'Message', 'indicator': 'red', 'raise_exception': 1, '__frappe_exc_id': '85f2d9166d454dace687d4cb9cf7b2b65a4bc0060607b2f1f431cd0d'}
      raise_exception = <class 'frappe.exceptions.ExecutableNotFound'>
frappe.exceptions.ExecutableNotFound: mariadb-dump not found in PATH! This is required to take a backup.
Backup failed for Site insights.localhost. Database or site_config.json may be corrupted
Traceback with variables (most recent call last):
  File "apps/frappe/frappe/commands/site.py", line 845, in backup
    odb = scheduled_backup(
      context = {'sites': ['crm.localhost', 'insights.localhost', 'library.localhost'], 'force': False, 'verbose': True, 'profile': False}
      with_files = False
      backup_path = None
      backup_path_db = None
      backup_path_files = None
      backup_path_private_files = None
      backup_path_conf = None
      ignore_backup_conf = False
      verbose = True
      compress = False
      include = ''
      exclude = ''
      old_backup_metadata = False
      scheduled_backup = <function scheduled_backup at 0x10acce200>
      exit_code = 1
      rollback_callback = None
      site = 'insights.localhost'
  File "apps/frappe/frappe/utils/backups.py", line 568, in scheduled_backup
    return new_backup(
      older_than = 6
      ignore_files = True
      backup_path = None
      backup_path_db = None
      backup_path_files = None
      backup_path_private_files = None
      backup_path_conf = None
      ignore_conf = False
      include_doctypes = ''
      exclude_doctypes = ''
      compress = False
      force = True
      verbose = True
      old_backup_metadata = False
      rollback_callback = <frappe.utils.CallbackManager object at 0x10ae6b3a0>
  File "apps/frappe/frappe/utils/backups.py", line 626, in new_backup
    odb.get_backup(older_than, ignore_files, force=force)
      older_than = 6
      ignore_files = True
      backup_path = None
      backup_path_db = None
      backup_path_files = None
      backup_path_private_files = None
      backup_path_conf = None
      ignore_conf = False
      include_doctypes = ''
      exclude_doctypes = ''
      compress = False
      force = True
      verbose = True
      old_backup_metadata = False
      rollback_callback = <frappe.utils.CallbackManager object at 0x10ae6b3a0>
      odb = <frappe.utils.backups.BackupGenerator object at 0x10b9e5220>
  File "apps/frappe/frappe/utils/backups.py", line 195, in get_backup
    self.delete_if_step_fails(self.take_dump, self.backup_path_db)
      self = <frappe.utils.backups.BackupGenerator object at 0x10b9e5220>
      older_than = 6
      ignore_files = True
      force = True
      last_db = False
      last_file = False
      last_private_file = False
      site_config_backup_path = False
  File "apps/frappe/frappe/utils/backups.py", line 520, in delete_if_step_fails
    raise e
      self = <frappe.utils.backups.BackupGenerator object at 0x10b9e5220>
      step = <bound method BackupGenerator.take_dump of <frappe.utils.backups.BackupGenerator object at 0x10b9e5220>>
      paths = ('./crm.localhost/private/backups/20251104_060002-crm_localhost-database.sql.gz',)
      path = './crm.localhost/private/backups/20251104_060002-crm_localhost-database.sql.gz'
  File "apps/frappe/frappe/utils/backups.py", line 515, in delete_if_step_fails
    step()
      self = <frappe.utils.backups.BackupGenerator object at 0x10b9e5220>
      step = <bound method BackupGenerator.take_dump of <frappe.utils.backups.BackupGenerator object at 0x10b9e5220>>
      paths = ('./crm.localhost/private/backups/20251104_060002-crm_localhost-database.sql.gz',)
      path = './crm.localhost/private/backups/20251104_060002-crm_localhost-database.sql.gz'
  File "apps/frappe/frappe/utils/backups.py", line 457, in take_dump
    frappe.throw(
      self = <frappe.utils.backups.BackupGenerator object at 0x10b9e5220>
      shlex = <module 'shlex' from '/opt/homebrew/Cellar/python@3.12/3.12.12/Frameworks/Python.framework/Versions/3.12/lib/python3.12/shlex.py'>
      frappe = <module 'frappe' from 'apps/frappe/frappe/__init__.py'>
      get_app_branch = <function get_app_branch at 0x10cbeb2e0>
      gzip_exc = '/usr/bin/gzip'
      database_header_content = ['begin frappe metadata', '[frappe]', 'version = 15.87.0', 'branch = version-15', 'end frappe metadata', '']
      generated_header = '-- begin frappe metadata\n-- [frappe]\n-- version = 15.87.0\n-- branch = version-15\n-- end frappe metadata\n-- \n'
      f = <_io.TextIOWrapper name='./crm.localhost/private/backups/20251104_060002-crm_localhost-database.sql.gz' encoding='UTF-8'>
      cmd = []
      extra = []
      get_command = <function get_command at 0x10b127a60>
      bin = None
      args = ['--user=_9814a4929be7d80c', '--host=127.0.0.1', '--port=3306', '--password=zQIkcR46Jtuxaaxx', '--single-transaction', '--quick', '--lock-tables=false', '_9814a4929be7d80c']
      bin_name = 'mariadb-dump'
  File "apps/frappe/frappe/__init__.py", line 609, in throw
    msgprint(
      msg = 'mariadb-dump not found in PATH! This is required to take a backup.'
      exc = <class 'frappe.exceptions.ExecutableNotFound'>
      title = None
      is_minimizable = False
      wide = False
      as_list = False
      primary_action = None
  File "apps/frappe/frappe/__init__.py", line 574, in msgprint
    _raise_exception()
      msg = 'mariadb-dump not found in PATH! This is required to take a backup.'
      title = None
      raise_exception = <class 'frappe.exceptions.ExecutableNotFound'>
      as_table = False
      as_list = False
      indicator = 'red'
      alert = False
      primary_action = None
      is_minimizable = False
      wide = False
      realtime = False
      sys = <module 'sys' (built-in)>
      _raise_exception = <function msgprint.<locals>._raise_exception at 0x10d04c9a0>
      inspect = <module 'inspect' from '/opt/homebrew/Cellar/python@3.12/3.12.12/Frameworks/Python.framework/Versions/3.12/lib/python3.12/inspect.py'>
      out = {'message': 'mariadb-dump not found in PATH! This is required to take a backup.', 'title': 'Message', 'indicator': 'red', 'raise_exception': 1, '__frappe_exc_id': 'f01548c73516e417ab0addb741b5d4318e3da2a3d7aae7f5fbe00e3c'}
  File "apps/frappe/frappe/__init__.py", line 525, in _raise_exception
    raise exc
      exc = ExecutableNotFound('mariadb-dump not found in PATH! This is required to take a backup.')
      inspect = <module 'inspect' from '/opt/homebrew/Cellar/python@3.12/3.12.12/Frameworks/Python.framework/Versions/3.12/lib/python3.12/inspect.py'>
      msg = 'mariadb-dump not found in PATH! This is required to take a backup.'
      out = {'message': 'mariadb-dump not found in PATH! This is required to take a backup.', 'title': 'Message', 'indicator': 'red', 'raise_exception': 1, '__frappe_exc_id': 'f01548c73516e417ab0addb741b5d4318e3da2a3d7aae7f5fbe00e3c'}
      raise_exception = <class 'frappe.exceptions.ExecutableNotFound'>
frappe.exceptions.ExecutableNotFound: mariadb-dump not found in PATH! This is required to take a backup.
Backup failed for Site library.localhost. Database or site_config.json may be corrupted
Traceback with variables (most recent call last):
  File "apps/frappe/frappe/commands/site.py", line 845, in backup
    odb = scheduled_backup(
      context = {'sites': ['crm.localhost', 'insights.localhost', 'library.localhost'], 'force': False, 'verbose': True, 'profile': False}
      with_files = False
      backup_path = None
      backup_path_db = None
      backup_path_files = None
      backup_path_private_files = None
      backup_path_conf = None
      ignore_backup_conf = False
      verbose = True
      compress = False
      include = ''
      exclude = ''
      old_backup_metadata = False
      scheduled_backup = <function scheduled_backup at 0x10acce200>
      exit_code = 1
      rollback_callback = None
      site = 'library.localhost'
  File "apps/frappe/frappe/utils/backups.py", line 568, in scheduled_backup
    return new_backup(
      older_than = 6
      ignore_files = True
      backup_path = None
      backup_path_db = None
      backup_path_files = None
      backup_path_private_files = None
      backup_path_conf = None
      ignore_conf = False
      include_doctypes = ''
      exclude_doctypes = ''
      compress = False
      force = True
      verbose = True
      old_backup_metadata = False
      rollback_callback = <frappe.utils.CallbackManager object at 0x10d06fca0>
  File "apps/frappe/frappe/utils/backups.py", line 626, in new_backup
    odb.get_backup(older_than, ignore_files, force=force)
      older_than = 6
      ignore_files = True
      backup_path = None
      backup_path_db = None
      backup_path_files = None
      backup_path_private_files = None
      backup_path_conf = None
      ignore_conf = False
      include_doctypes = ''
      exclude_doctypes = ''
      compress = False
      force = True
      verbose = True
      old_backup_metadata = False
      rollback_callback = <frappe.utils.CallbackManager object at 0x10d06fca0>
      odb = <frappe.utils.backups.BackupGenerator object at 0x10d06fbc0>
  File "apps/frappe/frappe/utils/backups.py", line 195, in get_backup
    self.delete_if_step_fails(self.take_dump, self.backup_path_db)
      self = <frappe.utils.backups.BackupGenerator object at 0x10d06fbc0>
      older_than = 6
      ignore_files = True
      force = True
      last_db = False
      last_file = False
      last_private_file = False
      site_config_backup_path = False
  File "apps/frappe/frappe/utils/backups.py", line 520, in delete_if_step_fails
    raise e
      self = <frappe.utils.backups.BackupGenerator object at 0x10d06fbc0>
      step = <bound method BackupGenerator.take_dump of <frappe.utils.backups.BackupGenerator object at 0x10d06fbc0>>
      paths = ('./crm.localhost/private/backups/20251104_060003-crm_localhost-database.sql.gz',)
      path = './crm.localhost/private/backups/20251104_060003-crm_localhost-database.sql.gz'
  File "apps/frappe/frappe/utils/backups.py", line 515, in delete_if_step_fails
    step()
      self = <frappe.utils.backups.BackupGenerator object at 0x10d06fbc0>
      step = <bound method BackupGenerator.take_dump of <frappe.utils.backups.BackupGenerator object at 0x10d06fbc0>>
      paths = ('./crm.localhost/private/backups/20251104_060003-crm_localhost-database.sql.gz',)
      path = './crm.localhost/private/backups/20251104_060003-crm_localhost-database.sql.gz'
  File "apps/frappe/frappe/utils/backups.py", line 457, in take_dump
    frappe.throw(
      self = <frappe.utils.backups.BackupGenerator object at 0x10d06fbc0>
      shlex = <module 'shlex' from '/opt/homebrew/Cellar/python@3.12/3.12.12/Frameworks/Python.framework/Versions/3.12/lib/python3.12/shlex.py'>
      frappe = <module 'frappe' from 'apps/frappe/frappe/__init__.py'>
      get_app_branch = <function get_app_branch at 0x10cbeb2e0>
      gzip_exc = '/usr/bin/gzip'
      database_header_content = ['begin frappe metadata', '[frappe]', 'version = 15.87.0', 'branch = version-15', 'end frappe metadata', '']
      generated_header = '-- begin frappe metadata\n-- [frappe]\n-- version = 15.87.0\n-- branch = version-15\n-- end frappe metadata\n-- \n'
      f = <_io.TextIOWrapper name='./crm.localhost/private/backups/20251104_060003-crm_localhost-database.sql.gz' encoding='UTF-8'>
      cmd = []
      extra = []
      get_command = <function get_command at 0x10b127a60>
      bin = None
      args = ['--user=_9814a4929be7d80c', '--host=127.0.0.1', '--port=3306', '--password=zQIkcR46Jtuxaaxx', '--single-transaction', '--quick', '--lock-tables=false', '_9814a4929be7d80c']
      bin_name = 'mariadb-dump'
  File "apps/frappe/frappe/__init__.py", line 609, in throw
    msgprint(
      msg = 'mariadb-dump not found in PATH! This is required to take a backup.'
      exc = <class 'frappe.exceptions.ExecutableNotFound'>
      title = None
      is_minimizable = False
      wide = False
      as_list = False
      primary_action = None
  File "apps/frappe/frappe/__init__.py", line 574, in msgprint
    _raise_exception()
      msg = 'mariadb-dump not found in PATH! This is required to take a backup.'
      title = None
      raise_exception = <class 'frappe.exceptions.ExecutableNotFound'>
      as_table = False
      as_list = False
      indicator = 'red'
      alert = False
      primary_action = None
      is_minimizable = False
      wide = False
      realtime = False
      sys = <module 'sys' (built-in)>
      _raise_exception = <function msgprint.<locals>._raise_exception at 0x10d04fe20>
      inspect = <module 'inspect' from '/opt/homebrew/Cellar/python@3.12/3.12.12/Frameworks/Python.framework/Versions/3.12/lib/python3.12/inspect.py'>
      out = {'message': 'mariadb-dump not found in PATH! This is required to take a backup.', 'title': 'Message', 'indicator': 'red', 'raise_exception': 1, '__frappe_exc_id': '6e395d6e3fdbea675d87ec1f349cbc628c0f03dbda664a7343219cf8'}
  File "apps/frappe/frappe/__init__.py", line 525, in _raise_exception
    raise exc
      exc = ExecutableNotFound('mariadb-dump not found in PATH! This is required to take a backup.')
      inspect = <module 'inspect' from '/opt/homebrew/Cellar/python@3.12/3.12.12/Frameworks/Python.framework/Versions/3.12/lib/python3.12/inspect.py'>
      msg = 'mariadb-dump not found in PATH! This is required to take a backup.'
      out = {'message': 'mariadb-dump not found in PATH! This is required to take a backup.', 'title': 'Message', 'indicator': 'red', 'raise_exception': 1, '__frappe_exc_id': '6e395d6e3fdbea675d87ec1f349cbc628c0f03dbda664a7343219cf8'}
      raise_exception = <class 'frappe.exceptions.ExecutableNotFound'>
frappe.exceptions.ExecutableNotFound: mariadb-dump not found in PATH! This is required to take a backup.
Backup failed for Site crm.localhost. Database or site_config.json may be corrupted
Traceback with variables (most recent call last):
  File "apps/frappe/frappe/commands/site.py", line 845, in backup
    odb = scheduled_backup(
      context = {'sites': ['crm.localhost', 'insights.localhost', 'library.localhost'], 'force': False, 'verbose': True, 'profile': False}
      with_files = False
      backup_path = None
      backup_path_db = None
      backup_path_files = None
      backup_path_private_files = None
      backup_path_conf = None
      ignore_backup_conf = False
      verbose = True
      compress = False
      include = ''
      exclude = ''
      old_backup_metadata = False
      scheduled_backup = <function scheduled_backup at 0x108ede200>
      exit_code = 0
      rollback_callback = None
      site = 'crm.localhost'
  File "apps/frappe/frappe/utils/backups.py", line 568, in scheduled_backup
    return new_backup(
      older_than = 6
      ignore_files = True
      backup_path = None
      backup_path_db = None
      backup_path_files = None
      backup_path_private_files = None
      backup_path_conf = None
      ignore_conf = False
      include_doctypes = ''
      exclude_doctypes = ''
      compress = False
      force = True
      verbose = True
      old_backup_metadata = False
      rollback_callback = <frappe.utils.CallbackManager object at 0x1094a7b80>
  File "apps/frappe/frappe/utils/backups.py", line 626, in new_backup
    odb.get_backup(older_than, ignore_files, force=force)
      older_than = 6
      ignore_files = True
      backup_path = None
      backup_path_db = None
      backup_path_files = None
      backup_path_private_files = None
      backup_path_conf = None
      ignore_conf = False
      include_doctypes = ''
      exclude_doctypes = ''
      compress = False
      force = True
      verbose = True
      old_backup_metadata = False
      rollback_callback = <frappe.utils.CallbackManager object at 0x1094a7b80>
      odb = <frappe.utils.backups.BackupGenerator object at 0x1094a7c20>
  File "apps/frappe/frappe/utils/backups.py", line 195, in get_backup
    self.delete_if_step_fails(self.take_dump, self.backup_path_db)
      self = <frappe.utils.backups.BackupGenerator object at 0x1094a7c20>
      older_than = 6
      ignore_files = True
      force = True
      last_db = False
      last_file = False
      last_private_file = False
      site_config_backup_path = False
  File "apps/frappe/frappe/utils/backups.py", line 520, in delete_if_step_fails
    raise e
      self = <frappe.utils.backups.BackupGenerator object at 0x1094a7c20>
      step = <bound method BackupGenerator.take_dump of <frappe.utils.backups.BackupGenerator object at 0x1094a7c20>>
      paths = ('./crm.localhost/private/backups/20251104_120002-crm_localhost-database.sql.gz',)
      path = './crm.localhost/private/backups/20251104_120002-crm_localhost-database.sql.gz'
  File "apps/frappe/frappe/utils/backups.py", line 515, in delete_if_step_fails
    step()
      self = <frappe.utils.backups.BackupGenerator object at 0x1094a7c20>
      step = <bound method BackupGenerator.take_dump of <frappe.utils.backups.BackupGenerator object at 0x1094a7c20>>
      paths = ('./crm.localhost/private/backups/20251104_120002-crm_localhost-database.sql.gz',)
      path = './crm.localhost/private/backups/20251104_120002-crm_localhost-database.sql.gz'
  File "apps/frappe/frappe/utils/backups.py", line 457, in take_dump
    frappe.throw(
      self = <frappe.utils.backups.BackupGenerator object at 0x1094a7c20>
      shlex = <module 'shlex' from '/opt/homebrew/Cellar/python@3.12/3.12.12/Frameworks/Python.framework/Versions/3.12/lib/python3.12/shlex.py'>
      frappe = <module 'frappe' from 'apps/frappe/frappe/__init__.py'>
      get_app_branch = <function get_app_branch at 0x10adfb2e0>
      gzip_exc = '/usr/bin/gzip'
      database_header_content = ['begin frappe metadata', '[frappe]', 'version = 15.87.0', 'branch = version-15', 'end frappe metadata', '']
      generated_header = '-- begin frappe metadata\n-- [frappe]\n-- version = 15.87.0\n-- branch = version-15\n-- end frappe metadata\n-- \n'
      f = <_io.TextIOWrapper name='./crm.localhost/private/backups/20251104_120002-crm_localhost-database.sql.gz' encoding='UTF-8'>
      cmd = []
      extra = []
      get_command = <function get_command at 0x10930fa60>
      bin = None
      args = ['--user=_9814a4929be7d80c', '--host=127.0.0.1', '--port=3306', '--password=zQIkcR46Jtuxaaxx', '--single-transaction', '--quick', '--lock-tables=false', '_9814a4929be7d80c']
      bin_name = 'mariadb-dump'
  File "apps/frappe/frappe/__init__.py", line 609, in throw
    msgprint(
      msg = 'mariadb-dump not found in PATH! This is required to take a backup.'
      exc = <class 'frappe.exceptions.ExecutableNotFound'>
      title = None
      is_minimizable = False
      wide = False
      as_list = False
      primary_action = None
  File "apps/frappe/frappe/__init__.py", line 574, in msgprint
    _raise_exception()
      msg = 'mariadb-dump not found in PATH! This is required to take a backup.'
      title = None
      raise_exception = <class 'frappe.exceptions.ExecutableNotFound'>
      as_table = False
      as_list = False
      indicator = 'red'
      alert = False
      primary_action = None
      is_minimizable = False
      wide = False
      realtime = False
      sys = <module 'sys' (built-in)>
      _raise_exception = <function msgprint.<locals>._raise_exception at 0x10ae09d00>
      inspect = <module 'inspect' from '/opt/homebrew/Cellar/python@3.12/3.12.12/Frameworks/Python.framework/Versions/3.12/lib/python3.12/inspect.py'>
      out = {'message': 'mariadb-dump not found in PATH! This is required to take a backup.', 'title': 'Message', 'indicator': 'red', 'raise_exception': 1, '__frappe_exc_id': '934e5189a836777be27b293061bb4c1db11df354b19c0b96f2d65e0b'}
  File "apps/frappe/frappe/__init__.py", line 525, in _raise_exception
    raise exc
      exc = ExecutableNotFound('mariadb-dump not found in PATH! This is required to take a backup.')
      inspect = <module 'inspect' from '/opt/homebrew/Cellar/python@3.12/3.12.12/Frameworks/Python.framework/Versions/3.12/lib/python3.12/inspect.py'>
      msg = 'mariadb-dump not found in PATH! This is required to take a backup.'
      out = {'message': 'mariadb-dump not found in PATH! This is required to take a backup.', 'title': 'Message', 'indicator': 'red', 'raise_exception': 1, '__frappe_exc_id': '934e5189a836777be27b293061bb4c1db11df354b19c0b96f2d65e0b'}
      raise_exception = <class 'frappe.exceptions.ExecutableNotFound'>
frappe.exceptions.ExecutableNotFound: mariadb-dump not found in PATH! This is required to take a backup.
Backup failed for Site insights.localhost. Database or site_config.json may be corrupted
Traceback with variables (most recent call last):
  File "apps/frappe/frappe/commands/site.py", line 845, in backup
    odb = scheduled_backup(
      context = {'sites': ['crm.localhost', 'insights.localhost', 'library.localhost'], 'force': False, 'verbose': True, 'profile': False}
      with_files = False
      backup_path = None
      backup_path_db = None
      backup_path_files = None
      backup_path_private_files = None
      backup_path_conf = None
      ignore_backup_conf = False
      verbose = True
      compress = False
      include = ''
      exclude = ''
      old_backup_metadata = False
      scheduled_backup = <function scheduled_backup at 0x108ede200>
      exit_code = 1
      rollback_callback = None
      site = 'insights.localhost'
  File "apps/frappe/frappe/utils/backups.py", line 568, in scheduled_backup
    return new_backup(
      older_than = 6
      ignore_files = True
      backup_path = None
      backup_path_db = None
      backup_path_files = None
      backup_path_private_files = None
      backup_path_conf = None
      ignore_conf = False
      include_doctypes = ''
      exclude_doctypes = ''
      compress = False
      force = True
      verbose = True
      old_backup_metadata = False
      rollback_callback = <frappe.utils.CallbackManager object at 0x107adf3a0>
  File "apps/frappe/frappe/utils/backups.py", line 626, in new_backup
    odb.get_backup(older_than, ignore_files, force=force)
      older_than = 6
      ignore_files = True
      backup_path = None
      backup_path_db = None
      backup_path_files = None
      backup_path_private_files = None
      backup_path_conf = None
      ignore_conf = False
      include_doctypes = ''
      exclude_doctypes = ''
      compress = False
      force = True
      verbose = True
      old_backup_metadata = False
      rollback_callback = <frappe.utils.CallbackManager object at 0x107adf3a0>
      odb = <frappe.utils.backups.BackupGenerator object at 0x1093af0e0>
  File "apps/frappe/frappe/utils/backups.py", line 195, in get_backup
    self.delete_if_step_fails(self.take_dump, self.backup_path_db)
      self = <frappe.utils.backups.BackupGenerator object at 0x1093af0e0>
      older_than = 6
      ignore_files = True
      force = True
      last_db = False
      last_file = False
      last_private_file = False
      site_config_backup_path = False
  File "apps/frappe/frappe/utils/backups.py", line 520, in delete_if_step_fails
    raise e
      self = <frappe.utils.backups.BackupGenerator object at 0x1093af0e0>
      step = <bound method BackupGenerator.take_dump of <frappe.utils.backups.BackupGenerator object at 0x1093af0e0>>
      paths = ('./crm.localhost/private/backups/20251104_120002-crm_localhost-database.sql.gz',)
      path = './crm.localhost/private/backups/20251104_120002-crm_localhost-database.sql.gz'
  File "apps/frappe/frappe/utils/backups.py", line 515, in delete_if_step_fails
    step()
      self = <frappe.utils.backups.BackupGenerator object at 0x1093af0e0>
      step = <bound method BackupGenerator.take_dump of <frappe.utils.backups.BackupGenerator object at 0x1093af0e0>>
      paths = ('./crm.localhost/private/backups/20251104_120002-crm_localhost-database.sql.gz',)
      path = './crm.localhost/private/backups/20251104_120002-crm_localhost-database.sql.gz'
  File "apps/frappe/frappe/utils/backups.py", line 457, in take_dump
    frappe.throw(
      self = <frappe.utils.backups.BackupGenerator object at 0x1093af0e0>
      shlex = <module 'shlex' from '/opt/homebrew/Cellar/python@3.12/3.12.12/Frameworks/Python.framework/Versions/3.12/lib/python3.12/shlex.py'>
      frappe = <module 'frappe' from 'apps/frappe/frappe/__init__.py'>
      get_app_branch = <function get_app_branch at 0x10adfb2e0>
      gzip_exc = '/usr/bin/gzip'
      database_header_content = ['begin frappe metadata', '[frappe]', 'version = 15.87.0', 'branch = version-15', 'end frappe metadata', '']
      generated_header = '-- begin frappe metadata\n-- [frappe]\n-- version = 15.87.0\n-- branch = version-15\n-- end frappe metadata\n-- \n'
      f = <_io.TextIOWrapper name='./crm.localhost/private/backups/20251104_120002-crm_localhost-database.sql.gz' encoding='UTF-8'>
      cmd = []
      extra = []
      get_command = <function get_command at 0x10930fa60>
      bin = None
      args = ['--user=_9814a4929be7d80c', '--host=127.0.0.1', '--port=3306', '--password=zQIkcR46Jtuxaaxx', '--single-transaction', '--quick', '--lock-tables=false', '_9814a4929be7d80c']
      bin_name = 'mariadb-dump'
  File "apps/frappe/frappe/__init__.py", line 609, in throw
    msgprint(
      msg = 'mariadb-dump not found in PATH! This is required to take a backup.'
      exc = <class 'frappe.exceptions.ExecutableNotFound'>
      title = None
      is_minimizable = False
      wide = False
      as_list = False
      primary_action = None
  File "apps/frappe/frappe/__init__.py", line 574, in msgprint
    _raise_exception()
      msg = 'mariadb-dump not found in PATH! This is required to take a backup.'
      title = None
      raise_exception = <class 'frappe.exceptions.ExecutableNotFound'>
      as_table = False
      as_list = False
      indicator = 'red'
      alert = False
      primary_action = None
      is_minimizable = False
      wide = False
      realtime = False
      sys = <module 'sys' (built-in)>
      _raise_exception = <function msgprint.<locals>._raise_exception at 0x10b25c9a0>
      inspect = <module 'inspect' from '/opt/homebrew/Cellar/python@3.12/3.12.12/Frameworks/Python.framework/Versions/3.12/lib/python3.12/inspect.py'>
      out = {'message': 'mariadb-dump not found in PATH! This is required to take a backup.', 'title': 'Message', 'indicator': 'red', 'raise_exception': 1, '__frappe_exc_id': '461e63efd6ecf85e3cd77839a8368888ce38622b6d5e48d223d8d44b'}
  File "apps/frappe/frappe/__init__.py", line 525, in _raise_exception
    raise exc
      exc = ExecutableNotFound('mariadb-dump not found in PATH! This is required to take a backup.')
      inspect = <module 'inspect' from '/opt/homebrew/Cellar/python@3.12/3.12.12/Frameworks/Python.framework/Versions/3.12/lib/python3.12/inspect.py'>
      msg = 'mariadb-dump not found in PATH! This is required to take a backup.'
      out = {'message': 'mariadb-dump not found in PATH! This is required to take a backup.', 'title': 'Message', 'indicator': 'red', 'raise_exception': 1, '__frappe_exc_id': '461e63efd6ecf85e3cd77839a8368888ce38622b6d5e48d223d8d44b'}
      raise_exception = <class 'frappe.exceptions.ExecutableNotFound'>
frappe.exceptions.ExecutableNotFound: mariadb-dump not found in PATH! This is required to take a backup.
Backup failed for Site library.localhost. Database or site_config.json may be corrupted
Traceback with variables (most recent call last):
  File "apps/frappe/frappe/commands/site.py", line 845, in backup
    odb = scheduled_backup(
      context = {'sites': ['crm.localhost', 'insights.localhost', 'library.localhost'], 'force': False, 'verbose': True, 'profile': False}
      with_files = False
      backup_path = None
      backup_path_db = None
      backup_path_files = None
      backup_path_private_files = None
      backup_path_conf = None
      ignore_backup_conf = False
      verbose = True
      compress = False
      include = ''
      exclude = ''
      old_backup_metadata = False
      scheduled_backup = <function scheduled_backup at 0x108ede200>
      exit_code = 1
      rollback_callback = None
      site = 'library.localhost'
  File "apps/frappe/frappe/utils/backups.py", line 568, in scheduled_backup
    return new_backup(
      older_than = 6
      ignore_files = True
      backup_path = None
      backup_path_db = None
      backup_path_files = None
      backup_path_private_files = None
      backup_path_conf = None
      ignore_conf = False
      include_doctypes = ''
      exclude_doctypes = ''
      compress = False
      force = True
      verbose = True
      old_backup_metadata = False
      rollback_callback = <frappe.utils.CallbackManager object at 0x10b27fc10>
  File "apps/frappe/frappe/utils/backups.py", line 626, in new_backup
    odb.get_backup(older_than, ignore_files, force=force)
      older_than = 6
      ignore_files = True
      backup_path = None
      backup_path_db = None
      backup_path_files = None
      backup_path_private_files = None
      backup_path_conf = None
      ignore_conf = False
      include_doctypes = ''
      exclude_doctypes = ''
      compress = False
      force = True
      verbose = True
      old_backup_metadata = False
      rollback_callback = <frappe.utils.CallbackManager object at 0x10b27fc10>
      odb = <frappe.utils.backups.BackupGenerator object at 0x10b27fbf0>
  File "apps/frappe/frappe/utils/backups.py", line 195, in get_backup
    self.delete_if_step_fails(self.take_dump, self.backup_path_db)
      self = <frappe.utils.backups.BackupGenerator object at 0x10b27fbf0>
      older_than = 6
      ignore_files = True
      force = True
      last_db = False
      last_file = False
      last_private_file = False
      site_config_backup_path = False
  File "apps/frappe/frappe/utils/backups.py", line 520, in delete_if_step_fails
    raise e
      self = <frappe.utils.backups.BackupGenerator object at 0x10b27fbf0>
      step = <bound method BackupGenerator.take_dump of <frappe.utils.backups.BackupGenerator object at 0x10b27fbf0>>
      paths = ('./crm.localhost/private/backups/20251104_120002-crm_localhost-database.sql.gz',)
      path = './crm.localhost/private/backups/20251104_120002-crm_localhost-database.sql.gz'
  File "apps/frappe/frappe/utils/backups.py", line 515, in delete_if_step_fails
    step()
      self = <frappe.utils.backups.BackupGenerator object at 0x10b27fbf0>
      step = <bound method BackupGenerator.take_dump of <frappe.utils.backups.BackupGenerator object at 0x10b27fbf0>>
      paths = ('./crm.localhost/private/backups/20251104_120002-crm_localhost-database.sql.gz',)
      path = './crm.localhost/private/backups/20251104_120002-crm_localhost-database.sql.gz'
  File "apps/frappe/frappe/utils/backups.py", line 457, in take_dump
    frappe.throw(
      self = <frappe.utils.backups.BackupGenerator object at 0x10b27fbf0>
      shlex = <module 'shlex' from '/opt/homebrew/Cellar/python@3.12/3.12.12/Frameworks/Python.framework/Versions/3.12/lib/python3.12/shlex.py'>
      frappe = <module 'frappe' from 'apps/frappe/frappe/__init__.py'>
      get_app_branch = <function get_app_branch at 0x10adfb2e0>
      gzip_exc = '/usr/bin/gzip'
      database_header_content = ['begin frappe metadata', '[frappe]', 'version = 15.87.0', 'branch = version-15', 'end frappe metadata', '']
      generated_header = '-- begin frappe metadata\n-- [frappe]\n-- version = 15.87.0\n-- branch = version-15\n-- end frappe metadata\n-- \n'
      f = <_io.TextIOWrapper name='./crm.localhost/private/backups/20251104_120002-crm_localhost-database.sql.gz' encoding='UTF-8'>
      cmd = []
      extra = []
      get_command = <function get_command at 0x10930fa60>
      bin = None
      args = ['--user=_9814a4929be7d80c', '--host=127.0.0.1', '--port=3306', '--password=zQIkcR46Jtuxaaxx', '--single-transaction', '--quick', '--lock-tables=false', '_9814a4929be7d80c']
      bin_name = 'mariadb-dump'
  File "apps/frappe/frappe/__init__.py", line 609, in throw
    msgprint(
      msg = 'mariadb-dump not found in PATH! This is required to take a backup.'
      exc = <class 'frappe.exceptions.ExecutableNotFound'>
      title = None
      is_minimizable = False
      wide = False
      as_list = False
      primary_action = None
  File "apps/frappe/frappe/__init__.py", line 574, in msgprint
    _raise_exception()
      msg = 'mariadb-dump not found in PATH! This is required to take a backup.'
      title = None
      raise_exception = <class 'frappe.exceptions.ExecutableNotFound'>
      as_table = False
      as_list = False
      indicator = 'red'
      alert = False
      primary_action = None
      is_minimizable = False
      wide = False
      realtime = False
      sys = <module 'sys' (built-in)>
      _raise_exception = <function msgprint.<locals>._raise_exception at 0x10b25fe20>
      inspect = <module 'inspect' from '/opt/homebrew/Cellar/python@3.12/3.12.12/Frameworks/Python.framework/Versions/3.12/lib/python3.12/inspect.py'>
      out = {'message': 'mariadb-dump not found in PATH! This is required to take a backup.', 'title': 'Message', 'indicator': 'red', 'raise_exception': 1, '__frappe_exc_id': '323608119dc34148cbe0e5cb1612d2a8ff47a1f7eb2e777adb3ba2a4'}
  File "apps/frappe/frappe/__init__.py", line 525, in _raise_exception
    raise exc
      exc = ExecutableNotFound('mariadb-dump not found in PATH! This is required to take a backup.')
      inspect = <module 'inspect' from '/opt/homebrew/Cellar/python@3.12/3.12.12/Frameworks/Python.framework/Versions/3.12/lib/python3.12/inspect.py'>
      msg = 'mariadb-dump not found in PATH! This is required to take a backup.'
      out = {'message': 'mariadb-dump not found in PATH! This is required to take a backup.', 'title': 'Message', 'indicator': 'red', 'raise_exception': 1, '__frappe_exc_id': '323608119dc34148cbe0e5cb1612d2a8ff47a1f7eb2e777adb3ba2a4'}
      raise_exception = <class 'frappe.exceptions.ExecutableNotFound'>
frappe.exceptions.ExecutableNotFound: mariadb-dump not found in PATH! This is required to take a backup.
Backup failed for Site crm.localhost. Database or site_config.json may be corrupted
Traceback with variables (most recent call last):
  File "apps/frappe/frappe/commands/site.py", line 845, in backup
    odb = scheduled_backup(
      context = {'sites': ['crm.localhost', 'insights.localhost', 'library.localhost'], 'force': False, 'verbose': True, 'profile': False}
      with_files = False
      backup_path = None
      backup_path_db = None
      backup_path_files = None
      backup_path_private_files = None
      backup_path_conf = None
      ignore_backup_conf = False
      verbose = True
      compress = False
      include = ''
      exclude = ''
      old_backup_metadata = False
      scheduled_backup = <function scheduled_backup at 0x108ebe200>
      exit_code = 0
      rollback_callback = None
      site = 'crm.localhost'
  File "apps/frappe/frappe/utils/backups.py", line 568, in scheduled_backup
    return new_backup(
      older_than = 6
      ignore_files = True
      backup_path = None
      backup_path_db = None
      backup_path_files = None
      backup_path_private_files = None
      backup_path_conf = None
      ignore_conf = False
      include_doctypes = ''
      exclude_doctypes = ''
      compress = False
      force = True
      verbose = True
      old_backup_metadata = False
      rollback_callback = <frappe.utils.CallbackManager object at 0x1094d83d0>
  File "apps/frappe/frappe/utils/backups.py", line 626, in new_backup
    odb.get_backup(older_than, ignore_files, force=force)
      older_than = 6
      ignore_files = True
      backup_path = None
      backup_path_db = None
      backup_path_files = None
      backup_path_private_files = None
      backup_path_conf = None
      ignore_conf = False
      include_doctypes = ''
      exclude_doctypes = ''
      compress = False
      force = True
      verbose = True
      old_backup_metadata = False
      rollback_callback = <frappe.utils.CallbackManager object at 0x1094d83d0>
      odb = <frappe.utils.backups.BackupGenerator object at 0x1094d8470>
  File "apps/frappe/frappe/utils/backups.py", line 195, in get_backup
    self.delete_if_step_fails(self.take_dump, self.backup_path_db)
      self = <frappe.utils.backups.BackupGenerator object at 0x1094d8470>
      older_than = 6
      ignore_files = True
      force = True
      last_db = False
      last_file = False
      last_private_file = False
      site_config_backup_path = False
  File "apps/frappe/frappe/utils/backups.py", line 520, in delete_if_step_fails
    raise e
      self = <frappe.utils.backups.BackupGenerator object at 0x1094d8470>
      step = <bound method BackupGenerator.take_dump of <frappe.utils.backups.BackupGenerator object at 0x1094d8470>>
      paths = ('./crm.localhost/private/backups/20251105_000003-crm_localhost-database.sql.gz',)
      path = './crm.localhost/private/backups/20251105_000003-crm_localhost-database.sql.gz'
  File "apps/frappe/frappe/utils/backups.py", line 515, in delete_if_step_fails
    step()
      self = <frappe.utils.backups.BackupGenerator object at 0x1094d8470>
      step = <bound method BackupGenerator.take_dump of <frappe.utils.backups.BackupGenerator object at 0x1094d8470>>
      paths = ('./crm.localhost/private/backups/20251105_000003-crm_localhost-database.sql.gz',)
      path = './crm.localhost/private/backups/20251105_000003-crm_localhost-database.sql.gz'
  File "apps/frappe/frappe/utils/backups.py", line 457, in take_dump
    frappe.throw(
      self = <frappe.utils.backups.BackupGenerator object at 0x1094d8470>
      shlex = <module 'shlex' from '/opt/homebrew/Cellar/python@3.12/3.12.12/Frameworks/Python.framework/Versions/3.12/lib/python3.12/shlex.py'>
      frappe = <module 'frappe' from 'apps/frappe/frappe/__init__.py'>
      get_app_branch = <function get_app_branch at 0x10addb2e0>
      gzip_exc = '/usr/bin/gzip'
      database_header_content = ['begin frappe metadata', '[frappe]', 'version = 15.87.0', 'branch = version-15', 'end frappe metadata', '']
      generated_header = '-- begin frappe metadata\n-- [frappe]\n-- version = 15.87.0\n-- branch = version-15\n-- end frappe metadata\n-- \n'
      f = <_io.TextIOWrapper name='./crm.localhost/private/backups/20251105_000003-crm_localhost-database.sql.gz' encoding='UTF-8'>
      cmd = []
      extra = []
      get_command = <function get_command at 0x109317a60>
      bin = None
      args = ['--user=_9814a4929be7d80c', '--host=127.0.0.1', '--port=3306', '--password=zQIkcR46Jtuxaaxx', '--single-transaction', '--quick', '--lock-tables=false', '_9814a4929be7d80c']
      bin_name = 'mariadb-dump'
  File "apps/frappe/frappe/__init__.py", line 609, in throw
    msgprint(
      msg = 'mariadb-dump not found in PATH! This is required to take a backup.'
      exc = <class 'frappe.exceptions.ExecutableNotFound'>
      title = None
      is_minimizable = False
      wide = False
      as_list = False
      primary_action = None
  File "apps/frappe/frappe/__init__.py", line 574, in msgprint
    _raise_exception()
      msg = 'mariadb-dump not found in PATH! This is required to take a backup.'
      title = None
      raise_exception = <class 'frappe.exceptions.ExecutableNotFound'>
      as_table = False
      as_list = False
      indicator = 'red'
      alert = False
      primary_action = None
      is_minimizable = False
      wide = False
      realtime = False
      sys = <module 'sys' (built-in)>
      _raise_exception = <function msgprint.<locals>._raise_exception at 0x10ade9d00>
      inspect = <module 'inspect' from '/opt/homebrew/Cellar/python@3.12/3.12.12/Frameworks/Python.framework/Versions/3.12/lib/python3.12/inspect.py'>
      out = {'message': 'mariadb-dump not found in PATH! This is required to take a backup.', 'title': 'Message', 'indicator': 'red', 'raise_exception': 1, '__frappe_exc_id': 'd7e76371a0e067839eac1c681e8207b1eb5b6b4de3638f6afaf724a4'}
  File "apps/frappe/frappe/__init__.py", line 525, in _raise_exception
    raise exc
      exc = ExecutableNotFound('mariadb-dump not found in PATH! This is required to take a backup.')
      inspect = <module 'inspect' from '/opt/homebrew/Cellar/python@3.12/3.12.12/Frameworks/Python.framework/Versions/3.12/lib/python3.12/inspect.py'>
      msg = 'mariadb-dump not found in PATH! This is required to take a backup.'
      out = {'message': 'mariadb-dump not found in PATH! This is required to take a backup.', 'title': 'Message', 'indicator': 'red', 'raise_exception': 1, '__frappe_exc_id': 'd7e76371a0e067839eac1c681e8207b1eb5b6b4de3638f6afaf724a4'}
      raise_exception = <class 'frappe.exceptions.ExecutableNotFound'>
frappe.exceptions.ExecutableNotFound: mariadb-dump not found in PATH! This is required to take a backup.
Backup failed for Site insights.localhost. Database or site_config.json may be corrupted
Traceback with variables (most recent call last):
  File "apps/frappe/frappe/commands/site.py", line 845, in backup
    odb = scheduled_backup(
      context = {'sites': ['crm.localhost', 'insights.localhost', 'library.localhost'], 'force': False, 'verbose': True, 'profile': False}
      with_files = False
      backup_path = None
      backup_path_db = None
      backup_path_files = None
      backup_path_private_files = None
      backup_path_conf = None
      ignore_backup_conf = False
      verbose = True
      compress = False
      include = ''
      exclude = ''
      old_backup_metadata = False
      scheduled_backup = <function scheduled_backup at 0x108ebe200>
      exit_code = 1
      rollback_callback = None
      site = 'insights.localhost'
  File "apps/frappe/frappe/utils/backups.py", line 568, in scheduled_backup
    return new_backup(
      older_than = 6
      ignore_files = True
      backup_path = None
      backup_path_db = None
      backup_path_files = None
      backup_path_private_files = None
      backup_path_conf = None
      ignore_conf = False
      include_doctypes = ''
      exclude_doctypes = ''
      compress = False
      force = True
      verbose = True
      old_backup_metadata = False
      rollback_callback = <frappe.utils.CallbackManager object at 0x107e1ba60>
  File "apps/frappe/frappe/utils/backups.py", line 626, in new_backup
    odb.get_backup(older_than, ignore_files, force=force)
      older_than = 6
      ignore_files = True
      backup_path = None
      backup_path_db = None
      backup_path_files = None
      backup_path_private_files = None
      backup_path_conf = None
      ignore_conf = False
      include_doctypes = ''
      exclude_doctypes = ''
      compress = False
      force = True
      verbose = True
      old_backup_metadata = False
      rollback_callback = <frappe.utils.CallbackManager object at 0x107e1ba60>
      odb = <frappe.utils.backups.BackupGenerator object at 0x109099fd0>
  File "apps/frappe/frappe/utils/backups.py", line 195, in get_backup
    self.delete_if_step_fails(self.take_dump, self.backup_path_db)
      self = <frappe.utils.backups.BackupGenerator object at 0x109099fd0>
      older_than = 6
      ignore_files = True
      force = True
      last_db = False
      last_file = False
      last_private_file = False
      site_config_backup_path = False
  File "apps/frappe/frappe/utils/backups.py", line 520, in delete_if_step_fails
    raise e
      self = <frappe.utils.backups.BackupGenerator object at 0x109099fd0>
      step = <bound method BackupGenerator.take_dump of <frappe.utils.backups.BackupGenerator object at 0x109099fd0>>
      paths = ('./crm.localhost/private/backups/20251105_000003-crm_localhost-database.sql.gz',)
      path = './crm.localhost/private/backups/20251105_000003-crm_localhost-database.sql.gz'
  File "apps/frappe/frappe/utils/backups.py", line 515, in delete_if_step_fails
    step()
      self = <frappe.utils.backups.BackupGenerator object at 0x109099fd0>
      step = <bound method BackupGenerator.take_dump of <frappe.utils.backups.BackupGenerator object at 0x109099fd0>>
      paths = ('./crm.localhost/private/backups/20251105_000003-crm_localhost-database.sql.gz',)
      path = './crm.localhost/private/backups/20251105_000003-crm_localhost-database.sql.gz'
  File "apps/frappe/frappe/utils/backups.py", line 457, in take_dump
    frappe.throw(
      self = <frappe.utils.backups.BackupGenerator object at 0x109099fd0>
      shlex = <module 'shlex' from '/opt/homebrew/Cellar/python@3.12/3.12.12/Frameworks/Python.framework/Versions/3.12/lib/python3.12/shlex.py'>
      frappe = <module 'frappe' from 'apps/frappe/frappe/__init__.py'>
      get_app_branch = <function get_app_branch at 0x10addb2e0>
      gzip_exc = '/usr/bin/gzip'
      database_header_content = ['begin frappe metadata', '[frappe]', 'version = 15.87.0', 'branch = version-15', 'end frappe metadata', '']
      generated_header = '-- begin frappe metadata\n-- [frappe]\n-- version = 15.87.0\n-- branch = version-15\n-- end frappe metadata\n-- \n'
      f = <_io.TextIOWrapper name='./crm.localhost/private/backups/20251105_000003-crm_localhost-database.sql.gz' encoding='UTF-8'>
      cmd = []
      extra = []
      get_command = <function get_command at 0x109317a60>
      bin = None
      args = ['--user=_9814a4929be7d80c', '--host=127.0.0.1', '--port=3306', '--password=zQIkcR46Jtuxaaxx', '--single-transaction', '--quick', '--lock-tables=false', '_9814a4929be7d80c']
      bin_name = 'mariadb-dump'
  File "apps/frappe/frappe/__init__.py", line 609, in throw
    msgprint(
      msg = 'mariadb-dump not found in PATH! This is required to take a backup.'
      exc = <class 'frappe.exceptions.ExecutableNotFound'>
      title = None
      is_minimizable = False
      wide = False
      as_list = False
      primary_action = None
  File "apps/frappe/frappe/__init__.py", line 574, in msgprint
    _raise_exception()
      msg = 'mariadb-dump not found in PATH! This is required to take a backup.'
      title = None
      raise_exception = <class 'frappe.exceptions.ExecutableNotFound'>
      as_table = False
      as_list = False
      indicator = 'red'
      alert = False
      primary_action = None
      is_minimizable = False
      wide = False
      realtime = False
      sys = <module 'sys' (built-in)>
      _raise_exception = <function msgprint.<locals>._raise_exception at 0x10b23c9a0>
      inspect = <module 'inspect' from '/opt/homebrew/Cellar/python@3.12/3.12.12/Frameworks/Python.framework/Versions/3.12/lib/python3.12/inspect.py'>
      out = {'message': 'mariadb-dump not found in PATH! This is required to take a backup.', 'title': 'Message', 'indicator': 'red', 'raise_exception': 1, '__frappe_exc_id': '4656fa7b7b4bb43ed8e068fcb9a7137c082ac4b19f937a9dd96fa69c'}
  File "apps/frappe/frappe/__init__.py", line 525, in _raise_exception
    raise exc
      exc = ExecutableNotFound('mariadb-dump not found in PATH! This is required to take a backup.')
      inspect = <module 'inspect' from '/opt/homebrew/Cellar/python@3.12/3.12.12/Frameworks/Python.framework/Versions/3.12/lib/python3.12/inspect.py'>
      msg = 'mariadb-dump not found in PATH! This is required to take a backup.'
      out = {'message': 'mariadb-dump not found in PATH! This is required to take a backup.', 'title': 'Message', 'indicator': 'red', 'raise_exception': 1, '__frappe_exc_id': '4656fa7b7b4bb43ed8e068fcb9a7137c082ac4b19f937a9dd96fa69c'}
      raise_exception = <class 'frappe.exceptions.ExecutableNotFound'>
frappe.exceptions.ExecutableNotFound: mariadb-dump not found in PATH! This is required to take a backup.
Backup failed for Site library.localhost. Database or site_config.json may be corrupted
Traceback with variables (most recent call last):
  File "apps/frappe/frappe/commands/site.py", line 845, in backup
    odb = scheduled_backup(
      context = {'sites': ['crm.localhost', 'insights.localhost', 'library.localhost'], 'force': False, 'verbose': True, 'profile': False}
      with_files = False
      backup_path = None
      backup_path_db = None
      backup_path_files = None
      backup_path_private_files = None
      backup_path_conf = None
      ignore_backup_conf = False
      verbose = True
      compress = False
      include = ''
      exclude = ''
      old_backup_metadata = False
      scheduled_backup = <function scheduled_backup at 0x108ebe200>
      exit_code = 1
      rollback_callback = None
      site = 'library.localhost'
  File "apps/frappe/frappe/utils/backups.py", line 568, in scheduled_backup
    return new_backup(
      older_than = 6
      ignore_files = True
      backup_path = None
      backup_path_db = None
      backup_path_files = None
      backup_path_private_files = None
      backup_path_conf = None
      ignore_conf = False
      include_doctypes = ''
      exclude_doctypes = ''
      compress = False
      force = True
      verbose = True
      old_backup_metadata = False
      rollback_callback = <frappe.utils.CallbackManager object at 0x10b25fbe0>
  File "apps/frappe/frappe/utils/backups.py", line 626, in new_backup
    odb.get_backup(older_than, ignore_files, force=force)
      older_than = 6
      ignore_files = True
      backup_path = None
      backup_path_db = None
      backup_path_files = None
      backup_path_private_files = None
      backup_path_conf = None
      ignore_conf = False
      include_doctypes = ''
      exclude_doctypes = ''
      compress = False
      force = True
      verbose = True
      old_backup_metadata = False
      rollback_callback = <frappe.utils.CallbackManager object at 0x10b25fbe0>
      odb = <frappe.utils.backups.BackupGenerator object at 0x10b25fbc0>
  File "apps/frappe/frappe/utils/backups.py", line 195, in get_backup
    self.delete_if_step_fails(self.take_dump, self.backup_path_db)
      self = <frappe.utils.backups.BackupGenerator object at 0x10b25fbc0>
      older_than = 6
      ignore_files = True
      force = True
      last_db = False
      last_file = False
      last_private_file = False
      site_config_backup_path = False
  File "apps/frappe/frappe/utils/backups.py", line 520, in delete_if_step_fails
    raise e
      self = <frappe.utils.backups.BackupGenerator object at 0x10b25fbc0>
      step = <bound method BackupGenerator.take_dump of <frappe.utils.backups.BackupGenerator object at 0x10b25fbc0>>
      paths = ('./crm.localhost/private/backups/20251105_000003-crm_localhost-database.sql.gz',)
      path = './crm.localhost/private/backups/20251105_000003-crm_localhost-database.sql.gz'
  File "apps/frappe/frappe/utils/backups.py", line 515, in delete_if_step_fails
    step()
      self = <frappe.utils.backups.BackupGenerator object at 0x10b25fbc0>
      step = <bound method BackupGenerator.take_dump of <frappe.utils.backups.BackupGenerator object at 0x10b25fbc0>>
      paths = ('./crm.localhost/private/backups/20251105_000003-crm_localhost-database.sql.gz',)
      path = './crm.localhost/private/backups/20251105_000003-crm_localhost-database.sql.gz'
  File "apps/frappe/frappe/utils/backups.py", line 457, in take_dump
    frappe.throw(
      self = <frappe.utils.backups.BackupGenerator object at 0x10b25fbc0>
      shlex = <module 'shlex' from '/opt/homebrew/Cellar/python@3.12/3.12.12/Frameworks/Python.framework/Versions/3.12/lib/python3.12/shlex.py'>
      frappe = <module 'frappe' from 'apps/frappe/frappe/__init__.py'>
      get_app_branch = <function get_app_branch at 0x10addb2e0>
      gzip_exc = '/usr/bin/gzip'
      database_header_content = ['begin frappe metadata', '[frappe]', 'version = 15.87.0', 'branch = version-15', 'end frappe metadata', '']
      generated_header = '-- begin frappe metadata\n-- [frappe]\n-- version = 15.87.0\n-- branch = version-15\n-- end frappe metadata\n-- \n'
      f = <_io.TextIOWrapper name='./crm.localhost/private/backups/20251105_000003-crm_localhost-database.sql.gz' encoding='UTF-8'>
      cmd = []
      extra = []
      get_command = <function get_command at 0x109317a60>
      bin = None
      args = ['--user=_9814a4929be7d80c', '--host=127.0.0.1', '--port=3306', '--password=zQIkcR46Jtuxaaxx', '--single-transaction', '--quick', '--lock-tables=false', '_9814a4929be7d80c']
      bin_name = 'mariadb-dump'
  File "apps/frappe/frappe/__init__.py", line 609, in throw
    msgprint(
      msg = 'mariadb-dump not found in PATH! This is required to take a backup.'
      exc = <class 'frappe.exceptions.ExecutableNotFound'>
      title = None
      is_minimizable = False
      wide = False
      as_list = False
      primary_action = None
  File "apps/frappe/frappe/__init__.py", line 574, in msgprint
    _raise_exception()
      msg = 'mariadb-dump not found in PATH! This is required to take a backup.'
      title = None
      raise_exception = <class 'frappe.exceptions.ExecutableNotFound'>
      as_table = False
      as_list = False
      indicator = 'red'
      alert = False
      primary_action = None
      is_minimizable = False
      wide = False
      realtime = False
      sys = <module 'sys' (built-in)>
      _raise_exception = <function msgprint.<locals>._raise_exception at 0x10b23fe20>
      inspect = <module 'inspect' from '/opt/homebrew/Cellar/python@3.12/3.12.12/Frameworks/Python.framework/Versions/3.12/lib/python3.12/inspect.py'>
      out = {'message': 'mariadb-dump not found in PATH! This is required to take a backup.', 'title': 'Message', 'indicator': 'red', 'raise_exception': 1, '__frappe_exc_id': '53323f4bfd10368fcd926c1cf7ba5e8b95e7953c84d89115cd4a01db'}
  File "apps/frappe/frappe/__init__.py", line 525, in _raise_exception
    raise exc
      exc = ExecutableNotFound('mariadb-dump not found in PATH! This is required to take a backup.')
      inspect = <module 'inspect' from '/opt/homebrew/Cellar/python@3.12/3.12.12/Frameworks/Python.framework/Versions/3.12/lib/python3.12/inspect.py'>
      msg = 'mariadb-dump not found in PATH! This is required to take a backup.'
      out = {'message': 'mariadb-dump not found in PATH! This is required to take a backup.', 'title': 'Message', 'indicator': 'red', 'raise_exception': 1, '__frappe_exc_id': '53323f4bfd10368fcd926c1cf7ba5e8b95e7953c84d89115cd4a01db'}
      raise_exception = <class 'frappe.exceptions.ExecutableNotFound'>
frappe.exceptions.ExecutableNotFound: mariadb-dump not found in PATH! This is required to take a backup.
Backup failed for Site crm.localhost. Database or site_config.json may be corrupted
Traceback with variables (most recent call last):
  File "apps/frappe/frappe/commands/site.py", line 845, in backup
    odb = scheduled_backup(
      context = {'sites': ['crm.localhost', 'insights.localhost', 'library.localhost'], 'force': False, 'verbose': True, 'profile': False}
      with_files = False
      backup_path = None
      backup_path_db = None
      backup_path_files = None
      backup_path_private_files = None
      backup_path_conf = None
      ignore_backup_conf = False
      verbose = True
      compress = False
      include = ''
      exclude = ''
      old_backup_metadata = False
      scheduled_backup = <function scheduled_backup at 0x10782a200>
      exit_code = 0
      rollback_callback = None
      site = 'crm.localhost'
  File "apps/frappe/frappe/utils/backups.py", line 568, in scheduled_backup
    return new_backup(
      older_than = 6
      ignore_files = True
      backup_path = None
      backup_path_db = None
      backup_path_files = None
      backup_path_private_files = None
      backup_path_conf = None
      ignore_conf = False
      include_doctypes = ''
      exclude_doctypes = ''
      compress = False
      force = True
      verbose = True
      old_backup_metadata = False
      rollback_callback = <frappe.utils.CallbackManager object at 0x107e1bb80>
  File "apps/frappe/frappe/utils/backups.py", line 626, in new_backup
    odb.get_backup(older_than, ignore_files, force=force)
      older_than = 6
      ignore_files = True
      backup_path = None
      backup_path_db = None
      backup_path_files = None
      backup_path_private_files = None
      backup_path_conf = None
      ignore_conf = False
      include_doctypes = ''
      exclude_doctypes = ''
      compress = False
      force = True
      verbose = True
      old_backup_metadata = False
      rollback_callback = <frappe.utils.CallbackManager object at 0x107e1bb80>
      odb = <frappe.utils.backups.BackupGenerator object at 0x107e1bc20>
  File "apps/frappe/frappe/utils/backups.py", line 195, in get_backup
    self.delete_if_step_fails(self.take_dump, self.backup_path_db)
      self = <frappe.utils.backups.BackupGenerator object at 0x107e1bc20>
      older_than = 6
      ignore_files = True
      force = True
      last_db = False
      last_file = False
      last_private_file = False
      site_config_backup_path = False
  File "apps/frappe/frappe/utils/backups.py", line 520, in delete_if_step_fails
    raise e
      self = <frappe.utils.backups.BackupGenerator object at 0x107e1bc20>
      step = <bound method BackupGenerator.take_dump of <frappe.utils.backups.BackupGenerator object at 0x107e1bc20>>
      paths = ('./crm.localhost/private/backups/20251105_060003-crm_localhost-database.sql.gz',)
      path = './crm.localhost/private/backups/20251105_060003-crm_localhost-database.sql.gz'
  File "apps/frappe/frappe/utils/backups.py", line 515, in delete_if_step_fails
    step()
      self = <frappe.utils.backups.BackupGenerator object at 0x107e1bc20>
      step = <bound method BackupGenerator.take_dump of <frappe.utils.backups.BackupGenerator object at 0x107e1bc20>>
      paths = ('./crm.localhost/private/backups/20251105_060003-crm_localhost-database.sql.gz',)
      path = './crm.localhost/private/backups/20251105_060003-crm_localhost-database.sql.gz'
  File "apps/frappe/frappe/utils/backups.py", line 457, in take_dump
    frappe.throw(
      self = <frappe.utils.backups.BackupGenerator object at 0x107e1bc20>
      shlex = <module 'shlex' from '/opt/homebrew/Cellar/python@3.12/3.12.12/Frameworks/Python.framework/Versions/3.12/lib/python3.12/shlex.py'>
      frappe = <module 'frappe' from 'apps/frappe/frappe/__init__.py'>
      get_app_branch = <function get_app_branch at 0x1097472e0>
      gzip_exc = '/usr/bin/gzip'
      database_header_content = ['begin frappe metadata', '[frappe]', 'version = 15.87.0', 'branch = version-15', 'end frappe metadata', '']
      generated_header = '-- begin frappe metadata\n-- [frappe]\n-- version = 15.87.0\n-- branch = version-15\n-- end frappe metadata\n-- \n'
      f = <_io.TextIOWrapper name='./crm.localhost/private/backups/20251105_060003-crm_localhost-database.sql.gz' encoding='UTF-8'>
      cmd = []
      extra = []
      get_command = <function get_command at 0x107c83a60>
      bin = None
      args = ['--user=_9814a4929be7d80c', '--host=127.0.0.1', '--port=3306', '--password=zQIkcR46Jtuxaaxx', '--single-transaction', '--quick', '--lock-tables=false', '_9814a4929be7d80c']
      bin_name = 'mariadb-dump'
  File "apps/frappe/frappe/__init__.py", line 609, in throw
    msgprint(
      msg = 'mariadb-dump not found in PATH! This is required to take a backup.'
      exc = <class 'frappe.exceptions.ExecutableNotFound'>
      title = None
      is_minimizable = False
      wide = False
      as_list = False
      primary_action = None
  File "apps/frappe/frappe/__init__.py", line 574, in msgprint
    _raise_exception()
      msg = 'mariadb-dump not found in PATH! This is required to take a backup.'
      title = None
      raise_exception = <class 'frappe.exceptions.ExecutableNotFound'>
      as_table = False
      as_list = False
      indicator = 'red'
      alert = False
      primary_action = None
      is_minimizable = False
      wide = False
      realtime = False
      sys = <module 'sys' (built-in)>
      _raise_exception = <function msgprint.<locals>._raise_exception at 0x109755d00>
      inspect = <module 'inspect' from '/opt/homebrew/Cellar/python@3.12/3.12.12/Frameworks/Python.framework/Versions/3.12/lib/python3.12/inspect.py'>
      out = {'message': 'mariadb-dump not found in PATH! This is required to take a backup.', 'title': 'Message', 'indicator': 'red', 'raise_exception': 1, '__frappe_exc_id': 'c03ccb2c5d56e0480d05528eae376f1902d12348509dc8be78b2c9c4'}
  File "apps/frappe/frappe/__init__.py", line 525, in _raise_exception
    raise exc
      exc = ExecutableNotFound('mariadb-dump not found in PATH! This is required to take a backup.')
      inspect = <module 'inspect' from '/opt/homebrew/Cellar/python@3.12/3.12.12/Frameworks/Python.framework/Versions/3.12/lib/python3.12/inspect.py'>
      msg = 'mariadb-dump not found in PATH! This is required to take a backup.'
      out = {'message': 'mariadb-dump not found in PATH! This is required to take a backup.', 'title': 'Message', 'indicator': 'red', 'raise_exception': 1, '__frappe_exc_id': 'c03ccb2c5d56e0480d05528eae376f1902d12348509dc8be78b2c9c4'}
      raise_exception = <class 'frappe.exceptions.ExecutableNotFound'>
frappe.exceptions.ExecutableNotFound: mariadb-dump not found in PATH! This is required to take a backup.
Backup failed for Site insights.localhost. Database or site_config.json may be corrupted
Traceback with variables (most recent call last):
  File "apps/frappe/frappe/commands/site.py", line 845, in backup
    odb = scheduled_backup(
      context = {'sites': ['crm.localhost', 'insights.localhost', 'library.localhost'], 'force': False, 'verbose': True, 'profile': False}
      with_files = False
      backup_path = None
      backup_path_db = None
      backup_path_files = None
      backup_path_private_files = None
      backup_path_conf = None
      ignore_backup_conf = False
      verbose = True
      compress = False
      include = ''
      exclude = ''
      old_backup_metadata = False
      scheduled_backup = <function scheduled_backup at 0x10782a200>
      exit_code = 1
      rollback_callback = None
      site = 'insights.localhost'
  File "apps/frappe/frappe/utils/backups.py", line 568, in scheduled_backup
    return new_backup(
      older_than = 6
      ignore_files = True
      backup_path = None
      backup_path_db = None
      backup_path_files = None
      backup_path_private_files = None
      backup_path_conf = None
      ignore_conf = False
      include_doctypes = ''
      exclude_doctypes = ''
      compress = False
      force = True
      verbose = True
      old_backup_metadata = False
      rollback_callback = <frappe.utils.CallbackManager object at 0x105ee2c20>
  File "apps/frappe/frappe/utils/backups.py", line 626, in new_backup
    odb.get_backup(older_than, ignore_files, force=force)
      older_than = 6
      ignore_files = True
      backup_path = None
      backup_path_db = None
      backup_path_files = None
      backup_path_private_files = None
      backup_path_conf = None
      ignore_conf = False
      include_doctypes = ''
      exclude_doctypes = ''
      compress = False
      force = True
      verbose = True
      old_backup_metadata = False
      rollback_callback = <frappe.utils.CallbackManager object at 0x105ee2c20>
      odb = <frappe.utils.backups.BackupGenerator object at 0x1063f34d0>
  File "apps/frappe/frappe/utils/backups.py", line 195, in get_backup
    self.delete_if_step_fails(self.take_dump, self.backup_path_db)
      self = <frappe.utils.backups.BackupGenerator object at 0x1063f34d0>
      older_than = 6
      ignore_files = True
      force = True
      last_db = False
      last_file = False
      last_private_file = False
      site_config_backup_path = False
  File "apps/frappe/frappe/utils/backups.py", line 520, in delete_if_step_fails
    raise e
      self = <frappe.utils.backups.BackupGenerator object at 0x1063f34d0>
      step = <bound method BackupGenerator.take_dump of <frappe.utils.backups.BackupGenerator object at 0x1063f34d0>>
      paths = ('./crm.localhost/private/backups/20251105_060003-crm_localhost-database.sql.gz',)
      path = './crm.localhost/private/backups/20251105_060003-crm_localhost-database.sql.gz'
  File "apps/frappe/frappe/utils/backups.py", line 515, in delete_if_step_fails
    step()
      self = <frappe.utils.backups.BackupGenerator object at 0x1063f34d0>
      step = <bound method BackupGenerator.take_dump of <frappe.utils.backups.BackupGenerator object at 0x1063f34d0>>
      paths = ('./crm.localhost/private/backups/20251105_060003-crm_localhost-database.sql.gz',)
      path = './crm.localhost/private/backups/20251105_060003-crm_localhost-database.sql.gz'
  File "apps/frappe/frappe/utils/backups.py", line 457, in take_dump
    frappe.throw(
      self = <frappe.utils.backups.BackupGenerator object at 0x1063f34d0>
      shlex = <module 'shlex' from '/opt/homebrew/Cellar/python@3.12/3.12.12/Frameworks/Python.framework/Versions/3.12/lib/python3.12/shlex.py'>
      frappe = <module 'frappe' from 'apps/frappe/frappe/__init__.py'>
      get_app_branch = <function get_app_branch at 0x1097472e0>
      gzip_exc = '/usr/bin/gzip'
      database_header_content = ['begin frappe metadata', '[frappe]', 'version = 15.87.0', 'branch = version-15', 'end frappe metadata', '']
      generated_header = '-- begin frappe metadata\n-- [frappe]\n-- version = 15.87.0\n-- branch = version-15\n-- end frappe metadata\n-- \n'
      f = <_io.TextIOWrapper name='./crm.localhost/private/backups/20251105_060003-crm_localhost-database.sql.gz' encoding='UTF-8'>
      cmd = []
      extra = []
      get_command = <function get_command at 0x107c83a60>
      bin = None
      args = ['--user=_9814a4929be7d80c', '--host=127.0.0.1', '--port=3306', '--password=zQIkcR46Jtuxaaxx', '--single-transaction', '--quick', '--lock-tables=false', '_9814a4929be7d80c']
      bin_name = 'mariadb-dump'
  File "apps/frappe/frappe/__init__.py", line 609, in throw
    msgprint(
      msg = 'mariadb-dump not found in PATH! This is required to take a backup.'
      exc = <class 'frappe.exceptions.ExecutableNotFound'>
      title = None
      is_minimizable = False
      wide = False
      as_list = False
      primary_action = None
  File "apps/frappe/frappe/__init__.py", line 574, in msgprint
    _raise_exception()
      msg = 'mariadb-dump not found in PATH! This is required to take a backup.'
      title = None
      raise_exception = <class 'frappe.exceptions.ExecutableNotFound'>
      as_table = False
      as_list = False
      indicator = 'red'
      alert = False
      primary_action = None
      is_minimizable = False
      wide = False
      realtime = False
      sys = <module 'sys' (built-in)>
      _raise_exception = <function msgprint.<locals>._raise_exception at 0x109bb49a0>
      inspect = <module 'inspect' from '/opt/homebrew/Cellar/python@3.12/3.12.12/Frameworks/Python.framework/Versions/3.12/lib/python3.12/inspect.py'>
      out = {'message': 'mariadb-dump not found in PATH! This is required to take a backup.', 'title': 'Message', 'indicator': 'red', 'raise_exception': 1, '__frappe_exc_id': '5f225b30887d707537775f9ff315cff847d3fe9f056693afd2516ead'}
  File "apps/frappe/frappe/__init__.py", line 525, in _raise_exception
    raise exc
      exc = ExecutableNotFound('mariadb-dump not found in PATH! This is required to take a backup.')
      inspect = <module 'inspect' from '/opt/homebrew/Cellar/python@3.12/3.12.12/Frameworks/Python.framework/Versions/3.12/lib/python3.12/inspect.py'>
      msg = 'mariadb-dump not found in PATH! This is required to take a backup.'
      out = {'message': 'mariadb-dump not found in PATH! This is required to take a backup.', 'title': 'Message', 'indicator': 'red', 'raise_exception': 1, '__frappe_exc_id': '5f225b30887d707537775f9ff315cff847d3fe9f056693afd2516ead'}
      raise_exception = <class 'frappe.exceptions.ExecutableNotFound'>
frappe.exceptions.ExecutableNotFound: mariadb-dump not found in PATH! This is required to take a backup.
Backup failed for Site library.localhost. Database or site_config.json may be corrupted
Traceback with variables (most recent call last):
  File "apps/frappe/frappe/commands/site.py", line 845, in backup
    odb = scheduled_backup(
      context = {'sites': ['crm.localhost', 'insights.localhost', 'library.localhost'], 'force': False, 'verbose': True, 'profile': False}
      with_files = False
      backup_path = None
      backup_path_db = None
      backup_path_files = None
      backup_path_private_files = None
      backup_path_conf = None
      ignore_backup_conf = False
      verbose = True
      compress = False
      include = ''
      exclude = ''
      old_backup_metadata = False
      scheduled_backup = <function scheduled_backup at 0x10782a200>
      exit_code = 1
      rollback_callback = None
      site = 'library.localhost'
  File "apps/frappe/frappe/utils/backups.py", line 568, in scheduled_backup
    return new_backup(
      older_than = 6
      ignore_files = True
      backup_path = None
      backup_path_db = None
      backup_path_files = None
      backup_path_private_files = None
      backup_path_conf = None
      ignore_conf = False
      include_doctypes = ''
      exclude_doctypes = ''
      compress = False
      force = True
      verbose = True
      old_backup_metadata = False
      rollback_callback = <frappe.utils.CallbackManager object at 0x109bcbca0>
  File "apps/frappe/frappe/utils/backups.py", line 626, in new_backup
    odb.get_backup(older_than, ignore_files, force=force)
      older_than = 6
      ignore_files = True
      backup_path = None
      backup_path_db = None
      backup_path_files = None
      backup_path_private_files = None
      backup_path_conf = None
      ignore_conf = False
      include_doctypes = ''
      exclude_doctypes = ''
      compress = False
      force = True
      verbose = True
      old_backup_metadata = False
      rollback_callback = <frappe.utils.CallbackManager object at 0x109bcbca0>
      odb = <frappe.utils.backups.BackupGenerator object at 0x109bcbbf0>
  File "apps/frappe/frappe/utils/backups.py", line 195, in get_backup
    self.delete_if_step_fails(self.take_dump, self.backup_path_db)
      self = <frappe.utils.backups.BackupGenerator object at 0x109bcbbf0>
      older_than = 6
      ignore_files = True
      force = True
      last_db = False
      last_file = False
      last_private_file = False
      site_config_backup_path = False
  File "apps/frappe/frappe/utils/backups.py", line 520, in delete_if_step_fails
    raise e
      self = <frappe.utils.backups.BackupGenerator object at 0x109bcbbf0>
      step = <bound method BackupGenerator.take_dump of <frappe.utils.backups.BackupGenerator object at 0x109bcbbf0>>
      paths = ('./crm.localhost/private/backups/20251105_060003-crm_localhost-database.sql.gz',)
      path = './crm.localhost/private/backups/20251105_060003-crm_localhost-database.sql.gz'
  File "apps/frappe/frappe/utils/backups.py", line 515, in delete_if_step_fails
    step()
      self = <frappe.utils.backups.BackupGenerator object at 0x109bcbbf0>
      step = <bound method BackupGenerator.take_dump of <frappe.utils.backups.BackupGenerator object at 0x109bcbbf0>>
      paths = ('./crm.localhost/private/backups/20251105_060003-crm_localhost-database.sql.gz',)
      path = './crm.localhost/private/backups/20251105_060003-crm_localhost-database.sql.gz'
  File "apps/frappe/frappe/utils/backups.py", line 457, in take_dump
    frappe.throw(
      self = <frappe.utils.backups.BackupGenerator object at 0x109bcbbf0>
      shlex = <module 'shlex' from '/opt/homebrew/Cellar/python@3.12/3.12.12/Frameworks/Python.framework/Versions/3.12/lib/python3.12/shlex.py'>
      frappe = <module 'frappe' from 'apps/frappe/frappe/__init__.py'>
      get_app_branch = <function get_app_branch at 0x1097472e0>
      gzip_exc = '/usr/bin/gzip'
      database_header_content = ['begin frappe metadata', '[frappe]', 'version = 15.87.0', 'branch = version-15', 'end frappe metadata', '']
      generated_header = '-- begin frappe metadata\n-- [frappe]\n-- version = 15.87.0\n-- branch = version-15\n-- end frappe metadata\n-- \n'
      f = <_io.TextIOWrapper name='./crm.localhost/private/backups/20251105_060003-crm_localhost-database.sql.gz' encoding='UTF-8'>
      cmd = []
      extra = []
      get_command = <function get_command at 0x107c83a60>
      bin = None
      args = ['--user=_9814a4929be7d80c', '--host=127.0.0.1', '--port=3306', '--password=zQIkcR46Jtuxaaxx', '--single-transaction', '--quick', '--lock-tables=false', '_9814a4929be7d80c']
      bin_name = 'mariadb-dump'
  File "apps/frappe/frappe/__init__.py", line 609, in throw
    msgprint(
      msg = 'mariadb-dump not found in PATH! This is required to take a backup.'
      exc = <class 'frappe.exceptions.ExecutableNotFound'>
      title = None
      is_minimizable = False
      wide = False
      as_list = False
      primary_action = None
  File "apps/frappe/frappe/__init__.py", line 574, in msgprint
    _raise_exception()
      msg = 'mariadb-dump not found in PATH! This is required to take a backup.'
      title = None
      raise_exception = <class 'frappe.exceptions.ExecutableNotFound'>
      as_table = False
      as_list = False
      indicator = 'red'
      alert = False
      primary_action = None
      is_minimizable = False
      wide = False
      realtime = False
      sys = <module 'sys' (built-in)>
      _raise_exception = <function msgprint.<locals>._raise_exception at 0x109bb7e20>
      inspect = <module 'inspect' from '/opt/homebrew/Cellar/python@3.12/3.12.12/Frameworks/Python.framework/Versions/3.12/lib/python3.12/inspect.py'>
      out = {'message': 'mariadb-dump not found in PATH! This is required to take a backup.', 'title': 'Message', 'indicator': 'red', 'raise_exception': 1, '__frappe_exc_id': '6c6505ca47028a9939c7d1941fcafbd847d7e6384e160da355abeca1'}
  File "apps/frappe/frappe/__init__.py", line 525, in _raise_exception
    raise exc
      exc = ExecutableNotFound('mariadb-dump not found in PATH! This is required to take a backup.')
      inspect = <module 'inspect' from '/opt/homebrew/Cellar/python@3.12/3.12.12/Frameworks/Python.framework/Versions/3.12/lib/python3.12/inspect.py'>
      msg = 'mariadb-dump not found in PATH! This is required to take a backup.'
      out = {'message': 'mariadb-dump not found in PATH! This is required to take a backup.', 'title': 'Message', 'indicator': 'red', 'raise_exception': 1, '__frappe_exc_id': '6c6505ca47028a9939c7d1941fcafbd847d7e6384e160da355abeca1'}
      raise_exception = <class 'frappe.exceptions.ExecutableNotFound'>
frappe.exceptions.ExecutableNotFound: mariadb-dump not found in PATH! This is required to take a backup.
Backup failed for Site crm.localhost. Database or site_config.json may be corrupted
Traceback with variables (most recent call last):
  File "apps/frappe/frappe/commands/site.py", line 845, in backup
    odb = scheduled_backup(
      context = {'sites': ['crm.localhost', 'insights.localhost', 'library.localhost'], 'force': False, 'verbose': True, 'profile': False}
      with_files = False
      backup_path = None
      backup_path_db = None
      backup_path_files = None
      backup_path_private_files = None
      backup_path_conf = None
      ignore_backup_conf = False
      verbose = True
      compress = False
      include = ''
      exclude = ''
      old_backup_metadata = False
      scheduled_backup = <function scheduled_backup at 0x1075de200>
      exit_code = 0
      rollback_callback = None
      site = 'crm.localhost'
  File "apps/frappe/frappe/utils/backups.py", line 568, in scheduled_backup
    return new_backup(
      older_than = 6
      ignore_files = True
      backup_path = None
      backup_path_db = None
      backup_path_files = None
      backup_path_private_files = None
      backup_path_conf = None
      ignore_conf = False
      include_doctypes = ''
      exclude_doctypes = ''
      compress = False
      force = True
      verbose = True
      old_backup_metadata = False
      rollback_callback = <frappe.utils.CallbackManager object at 0x107bcbf40>
  File "apps/frappe/frappe/utils/backups.py", line 626, in new_backup
    odb.get_backup(older_than, ignore_files, force=force)
      older_than = 6
      ignore_files = True
      backup_path = None
      backup_path_db = None
      backup_path_files = None
      backup_path_private_files = None
      backup_path_conf = None
      ignore_conf = False
      include_doctypes = ''
      exclude_doctypes = ''
      compress = False
      force = True
      verbose = True
      old_backup_metadata = False
      rollback_callback = <frappe.utils.CallbackManager object at 0x107bcbf40>
      odb = <frappe.utils.backups.BackupGenerator object at 0x107bcbf80>
  File "apps/frappe/frappe/utils/backups.py", line 195, in get_backup
    self.delete_if_step_fails(self.take_dump, self.backup_path_db)
      self = <frappe.utils.backups.BackupGenerator object at 0x107bcbf80>
      older_than = 6
      ignore_files = True
      force = True
      last_db = False
      last_file = False
      last_private_file = False
      site_config_backup_path = False
  File "apps/frappe/frappe/utils/backups.py", line 520, in delete_if_step_fails
    raise e
      self = <frappe.utils.backups.BackupGenerator object at 0x107bcbf80>
      step = <bound method BackupGenerator.take_dump of <frappe.utils.backups.BackupGenerator object at 0x107bcbf80>>
      paths = ('./crm.localhost/private/backups/20251105_180001-crm_localhost-database.sql.gz',)
      path = './crm.localhost/private/backups/20251105_180001-crm_localhost-database.sql.gz'
  File "apps/frappe/frappe/utils/backups.py", line 515, in delete_if_step_fails
    step()
      self = <frappe.utils.backups.BackupGenerator object at 0x107bcbf80>
      step = <bound method BackupGenerator.take_dump of <frappe.utils.backups.BackupGenerator object at 0x107bcbf80>>
      paths = ('./crm.localhost/private/backups/20251105_180001-crm_localhost-database.sql.gz',)
      path = './crm.localhost/private/backups/20251105_180001-crm_localhost-database.sql.gz'
  File "apps/frappe/frappe/utils/backups.py", line 457, in take_dump
    frappe.throw(
      self = <frappe.utils.backups.BackupGenerator object at 0x107bcbf80>
      shlex = <module 'shlex' from '/opt/homebrew/Cellar/python@3.12/3.12.12/Frameworks/Python.framework/Versions/3.12/lib/python3.12/shlex.py'>
      frappe = <module 'frappe' from 'apps/frappe/frappe/__init__.py'>
      get_app_branch = <function get_app_branch at 0x1094fb2e0>
      gzip_exc = '/usr/bin/gzip'
      database_header_content = ['begin frappe metadata', '[frappe]', 'version = 15.87.0', 'branch = version-15', 'end frappe metadata', '']
      generated_header = '-- begin frappe metadata\n-- [frappe]\n-- version = 15.87.0\n-- branch = version-15\n-- end frappe metadata\n-- \n'
      f = <_io.TextIOWrapper name='./crm.localhost/private/backups/20251105_180001-crm_localhost-database.sql.gz' encoding='UTF-8'>
      cmd = []
      extra = []
      get_command = <function get_command at 0x107a37a60>
      bin = None
      args = ['--user=_9814a4929be7d80c', '--host=127.0.0.1', '--port=3306', '--password=zQIkcR46Jtuxaaxx', '--single-transaction', '--quick', '--lock-tables=false', '_9814a4929be7d80c']
      bin_name = 'mariadb-dump'
  File "apps/frappe/frappe/__init__.py", line 609, in throw
    msgprint(
      msg = 'mariadb-dump not found in PATH! This is required to take a backup.'
      exc = <class 'frappe.exceptions.ExecutableNotFound'>
      title = None
      is_minimizable = False
      wide = False
      as_list = False
      primary_action = None
  File "apps/frappe/frappe/__init__.py", line 574, in msgprint
    _raise_exception()
      msg = 'mariadb-dump not found in PATH! This is required to take a backup.'
      title = None
      raise_exception = <class 'frappe.exceptions.ExecutableNotFound'>
      as_table = False
      as_list = False
      indicator = 'red'
      alert = False
      primary_action = None
      is_minimizable = False
      wide = False
      realtime = False
      sys = <module 'sys' (built-in)>
      _raise_exception = <function msgprint.<locals>._raise_exception at 0x109509d00>
      inspect = <module 'inspect' from '/opt/homebrew/Cellar/python@3.12/3.12.12/Frameworks/Python.framework/Versions/3.12/lib/python3.12/inspect.py'>
      out = {'message': 'mariadb-dump not found in PATH! This is required to take a backup.', 'title': 'Message', 'indicator': 'red', 'raise_exception': 1, '__frappe_exc_id': '99fe628d5b4a8277885d2da955ad91e73ff70913191a682bd2a5cab3'}
  File "apps/frappe/frappe/__init__.py", line 525, in _raise_exception
    raise exc
      exc = ExecutableNotFound('mariadb-dump not found in PATH! This is required to take a backup.')
      inspect = <module 'inspect' from '/opt/homebrew/Cellar/python@3.12/3.12.12/Frameworks/Python.framework/Versions/3.12/lib/python3.12/inspect.py'>
      msg = 'mariadb-dump not found in PATH! This is required to take a backup.'
      out = {'message': 'mariadb-dump not found in PATH! This is required to take a backup.', 'title': 'Message', 'indicator': 'red', 'raise_exception': 1, '__frappe_exc_id': '99fe628d5b4a8277885d2da955ad91e73ff70913191a682bd2a5cab3'}
      raise_exception = <class 'frappe.exceptions.ExecutableNotFound'>
frappe.exceptions.ExecutableNotFound: mariadb-dump not found in PATH! This is required to take a backup.
Backup failed for Site insights.localhost. Database or site_config.json may be corrupted
Traceback with variables (most recent call last):
  File "apps/frappe/frappe/commands/site.py", line 845, in backup
    odb = scheduled_backup(
      context = {'sites': ['crm.localhost', 'insights.localhost', 'library.localhost'], 'force': False, 'verbose': True, 'profile': False}
      with_files = False
      backup_path = None
      backup_path_db = None
      backup_path_files = None
      backup_path_private_files = None
      backup_path_conf = None
      ignore_backup_conf = False
      verbose = True
      compress = False
      include = ''
      exclude = ''
      old_backup_metadata = False
      scheduled_backup = <function scheduled_backup at 0x1075de200>
      exit_code = 1
      rollback_callback = None
      site = 'insights.localhost'
  File "apps/frappe/frappe/utils/backups.py", line 568, in scheduled_backup
    return new_backup(
      older_than = 6
      ignore_files = True
      backup_path = None
      backup_path_db = None
      backup_path_files = None
      backup_path_private_files = None
      backup_path_conf = None
      ignore_conf = False
      include_doctypes = ''
      exclude_doctypes = ''
      compress = False
      force = True
      verbose = True
      old_backup_metadata = False
      rollback_callback = <frappe.utils.CallbackManager object at 0x1064c6410>
  File "apps/frappe/frappe/utils/backups.py", line 626, in new_backup
    odb.get_backup(older_than, ignore_files, force=force)
      older_than = 6
      ignore_files = True
      backup_path = None
      backup_path_db = None
      backup_path_files = None
      backup_path_private_files = None
      backup_path_conf = None
      ignore_conf = False
      include_doctypes = ''
      exclude_doctypes = ''
      compress = False
      force = True
      verbose = True
      old_backup_metadata = False
      rollback_callback = <frappe.utils.CallbackManager object at 0x1064c6410>
      odb = <frappe.utils.backups.BackupGenerator object at 0x107603890>
  File "apps/frappe/frappe/utils/backups.py", line 195, in get_backup
    self.delete_if_step_fails(self.take_dump, self.backup_path_db)
      self = <frappe.utils.backups.BackupGenerator object at 0x107603890>
      older_than = 6
      ignore_files = True
      force = True
      last_db = False
      last_file = False
      last_private_file = False
      site_config_backup_path = False
  File "apps/frappe/frappe/utils/backups.py", line 520, in delete_if_step_fails
    raise e
      self = <frappe.utils.backups.BackupGenerator object at 0x107603890>
      step = <bound method BackupGenerator.take_dump of <frappe.utils.backups.BackupGenerator object at 0x107603890>>
      paths = ('./crm.localhost/private/backups/20251105_180001-crm_localhost-database.sql.gz',)
      path = './crm.localhost/private/backups/20251105_180001-crm_localhost-database.sql.gz'
  File "apps/frappe/frappe/utils/backups.py", line 515, in delete_if_step_fails
    step()
      self = <frappe.utils.backups.BackupGenerator object at 0x107603890>
      step = <bound method BackupGenerator.take_dump of <frappe.utils.backups.BackupGenerator object at 0x107603890>>
      paths = ('./crm.localhost/private/backups/20251105_180001-crm_localhost-database.sql.gz',)
      path = './crm.localhost/private/backups/20251105_180001-crm_localhost-database.sql.gz'
  File "apps/frappe/frappe/utils/backups.py", line 457, in take_dump
    frappe.throw(
      self = <frappe.utils.backups.BackupGenerator object at 0x107603890>
      shlex = <module 'shlex' from '/opt/homebrew/Cellar/python@3.12/3.12.12/Frameworks/Python.framework/Versions/3.12/lib/python3.12/shlex.py'>
      frappe = <module 'frappe' from 'apps/frappe/frappe/__init__.py'>
      get_app_branch = <function get_app_branch at 0x1094fb2e0>
      gzip_exc = '/usr/bin/gzip'
      database_header_content = ['begin frappe metadata', '[frappe]', 'version = 15.87.0', 'branch = version-15', 'end frappe metadata', '']
      generated_header = '-- begin frappe metadata\n-- [frappe]\n-- version = 15.87.0\n-- branch = version-15\n-- end frappe metadata\n-- \n'
      f = <_io.TextIOWrapper name='./crm.localhost/private/backups/20251105_180001-crm_localhost-database.sql.gz' encoding='UTF-8'>
      cmd = []
      extra = []
      get_command = <function get_command at 0x107a37a60>
      bin = None
      args = ['--user=_9814a4929be7d80c', '--host=127.0.0.1', '--port=3306', '--password=zQIkcR46Jtuxaaxx', '--single-transaction', '--quick', '--lock-tables=false', '_9814a4929be7d80c']
      bin_name = 'mariadb-dump'
  File "apps/frappe/frappe/__init__.py", line 609, in throw
    msgprint(
      msg = 'mariadb-dump not found in PATH! This is required to take a backup.'
      exc = <class 'frappe.exceptions.ExecutableNotFound'>
      title = None
      is_minimizable = False
      wide = False
      as_list = False
      primary_action = None
  File "apps/frappe/frappe/__init__.py", line 574, in msgprint
    _raise_exception()
      msg = 'mariadb-dump not found in PATH! This is required to take a backup.'
      title = None
      raise_exception = <class 'frappe.exceptions.ExecutableNotFound'>
      as_table = False
      as_list = False
      indicator = 'red'
      alert = False
      primary_action = None
      is_minimizable = False
      wide = False
      realtime = False
      sys = <module 'sys' (built-in)>
      _raise_exception = <function msgprint.<locals>._raise_exception at 0x10995c9a0>
      inspect = <module 'inspect' from '/opt/homebrew/Cellar/python@3.12/3.12.12/Frameworks/Python.framework/Versions/3.12/lib/python3.12/inspect.py'>
      out = {'message': 'mariadb-dump not found in PATH! This is required to take a backup.', 'title': 'Message', 'indicator': 'red', 'raise_exception': 1, '__frappe_exc_id': 'f79611ba11ffe449599a18f79d5dc7ca7cc7d0a28d8da0a5914ed192'}
  File "apps/frappe/frappe/__init__.py", line 525, in _raise_exception
    raise exc
      exc = ExecutableNotFound('mariadb-dump not found in PATH! This is required to take a backup.')
      inspect = <module 'inspect' from '/opt/homebrew/Cellar/python@3.12/3.12.12/Frameworks/Python.framework/Versions/3.12/lib/python3.12/inspect.py'>
      msg = 'mariadb-dump not found in PATH! This is required to take a backup.'
      out = {'message': 'mariadb-dump not found in PATH! This is required to take a backup.', 'title': 'Message', 'indicator': 'red', 'raise_exception': 1, '__frappe_exc_id': 'f79611ba11ffe449599a18f79d5dc7ca7cc7d0a28d8da0a5914ed192'}
      raise_exception = <class 'frappe.exceptions.ExecutableNotFound'>
frappe.exceptions.ExecutableNotFound: mariadb-dump not found in PATH! This is required to take a backup.
Backup failed for Site library.localhost. Database or site_config.json may be corrupted
Traceback with variables (most recent call last):
  File "apps/frappe/frappe/commands/site.py", line 845, in backup
    odb = scheduled_backup(
      context = {'sites': ['crm.localhost', 'insights.localhost', 'library.localhost'], 'force': False, 'verbose': True, 'profile': False}
      with_files = False
      backup_path = None
      backup_path_db = None
      backup_path_files = None
      backup_path_private_files = None
      backup_path_conf = None
      ignore_backup_conf = False
      verbose = True
      compress = False
      include = ''
      exclude = ''
      old_backup_metadata = False
      scheduled_backup = <function scheduled_backup at 0x1075de200>
      exit_code = 1
      rollback_callback = None
      site = 'library.localhost'
  File "apps/frappe/frappe/utils/backups.py", line 568, in scheduled_backup
    return new_backup(
      older_than = 6
      ignore_files = True
      backup_path = None
      backup_path_db = None
      backup_path_files = None
      backup_path_private_files = None
      backup_path_conf = None
      ignore_conf = False
      include_doctypes = ''
      exclude_doctypes = ''
      compress = False
      force = True
      verbose = True
      old_backup_metadata = False
      rollback_callback = <frappe.utils.CallbackManager object at 0x10997fcd0>
  File "apps/frappe/frappe/utils/backups.py", line 626, in new_backup
    odb.get_backup(older_than, ignore_files, force=force)
      older_than = 6
      ignore_files = True
      backup_path = None
      backup_path_db = None
      backup_path_files = None
      backup_path_private_files = None
      backup_path_conf = None
      ignore_conf = False
      include_doctypes = ''
      exclude_doctypes = ''
      compress = False
      force = True
      verbose = True
      old_backup_metadata = False
      rollback_callback = <frappe.utils.CallbackManager object at 0x10997fcd0>
      odb = <frappe.utils.backups.BackupGenerator object at 0x10997fc20>
  File "apps/frappe/frappe/utils/backups.py", line 195, in get_backup
    self.delete_if_step_fails(self.take_dump, self.backup_path_db)
      self = <frappe.utils.backups.BackupGenerator object at 0x10997fc20>
      older_than = 6
      ignore_files = True
      force = True
      last_db = False
      last_file = False
      last_private_file = False
      site_config_backup_path = False
  File "apps/frappe/frappe/utils/backups.py", line 520, in delete_if_step_fails
    raise e
      self = <frappe.utils.backups.BackupGenerator object at 0x10997fc20>
      step = <bound method BackupGenerator.take_dump of <frappe.utils.backups.BackupGenerator object at 0x10997fc20>>
      paths = ('./crm.localhost/private/backups/20251105_180002-crm_localhost-database.sql.gz',)
      path = './crm.localhost/private/backups/20251105_180002-crm_localhost-database.sql.gz'
  File "apps/frappe/frappe/utils/backups.py", line 515, in delete_if_step_fails
    step()
      self = <frappe.utils.backups.BackupGenerator object at 0x10997fc20>
      step = <bound method BackupGenerator.take_dump of <frappe.utils.backups.BackupGenerator object at 0x10997fc20>>
      paths = ('./crm.localhost/private/backups/20251105_180002-crm_localhost-database.sql.gz',)
      path = './crm.localhost/private/backups/20251105_180002-crm_localhost-database.sql.gz'
  File "apps/frappe/frappe/utils/backups.py", line 457, in take_dump
    frappe.throw(
      self = <frappe.utils.backups.BackupGenerator object at 0x10997fc20>
      shlex = <module 'shlex' from '/opt/homebrew/Cellar/python@3.12/3.12.12/Frameworks/Python.framework/Versions/3.12/lib/python3.12/shlex.py'>
      frappe = <module 'frappe' from 'apps/frappe/frappe/__init__.py'>
      get_app_branch = <function get_app_branch at 0x1094fb2e0>
      gzip_exc = '/usr/bin/gzip'
      database_header_content = ['begin frappe metadata', '[frappe]', 'version = 15.87.0', 'branch = version-15', 'end frappe metadata', '']
      generated_header = '-- begin frappe metadata\n-- [frappe]\n-- version = 15.87.0\n-- branch = version-15\n-- end frappe metadata\n-- \n'
      f = <_io.TextIOWrapper name='./crm.localhost/private/backups/20251105_180002-crm_localhost-database.sql.gz' encoding='UTF-8'>
      cmd = []
      extra = []
      get_command = <function get_command at 0x107a37a60>
      bin = None
      args = ['--user=_9814a4929be7d80c', '--host=127.0.0.1', '--port=3306', '--password=zQIkcR46Jtuxaaxx', '--single-transaction', '--quick', '--lock-tables=false', '_9814a4929be7d80c']
      bin_name = 'mariadb-dump'
  File "apps/frappe/frappe/__init__.py", line 609, in throw
    msgprint(
      msg = 'mariadb-dump not found in PATH! This is required to take a backup.'
      exc = <class 'frappe.exceptions.ExecutableNotFound'>
      title = None
      is_minimizable = False
      wide = False
      as_list = False
      primary_action = None
  File "apps/frappe/frappe/__init__.py", line 574, in msgprint
    _raise_exception()
      msg = 'mariadb-dump not found in PATH! This is required to take a backup.'
      title = None
      raise_exception = <class 'frappe.exceptions.ExecutableNotFound'>
      as_table = False
      as_list = False
      indicator = 'red'
      alert = False
      primary_action = None
      is_minimizable = False
      wide = False
      realtime = False
      sys = <module 'sys' (built-in)>
      _raise_exception = <function msgprint.<locals>._raise_exception at 0x10995fe20>
      inspect = <module 'inspect' from '/opt/homebrew/Cellar/python@3.12/3.12.12/Frameworks/Python.framework/Versions/3.12/lib/python3.12/inspect.py'>
      out = {'message': 'mariadb-dump not found in PATH! This is required to take a backup.', 'title': 'Message', 'indicator': 'red', 'raise_exception': 1, '__frappe_exc_id': 'd20417d6c7653661c4ada4c8f31aa0046f5a8e0790b00a5ded3ee12d'}
  File "apps/frappe/frappe/__init__.py", line 525, in _raise_exception
    raise exc
      exc = ExecutableNotFound('mariadb-dump not found in PATH! This is required to take a backup.')
      inspect = <module 'inspect' from '/opt/homebrew/Cellar/python@3.12/3.12.12/Frameworks/Python.framework/Versions/3.12/lib/python3.12/inspect.py'>
      msg = 'mariadb-dump not found in PATH! This is required to take a backup.'
      out = {'message': 'mariadb-dump not found in PATH! This is required to take a backup.', 'title': 'Message', 'indicator': 'red', 'raise_exception': 1, '__frappe_exc_id': 'd20417d6c7653661c4ada4c8f31aa0046f5a8e0790b00a5ded3ee12d'}
      raise_exception = <class 'frappe.exceptions.ExecutableNotFound'>
frappe.exceptions.ExecutableNotFound: mariadb-dump not found in PATH! This is required to take a backup.
Backup failed for Site crm.localhost. Database or site_config.json may be corrupted
Traceback with variables (most recent call last):
  File "apps/frappe/frappe/commands/site.py", line 845, in backup
    odb = scheduled_backup(
      context = {'sites': ['crm.localhost', 'insights.localhost', 'library.localhost'], 'force': False, 'verbose': True, 'profile': False}
      with_files = False
      backup_path = None
      backup_path_db = None
      backup_path_files = None
      backup_path_private_files = None
      backup_path_conf = None
      ignore_backup_conf = False
      verbose = True
      compress = False
      include = ''
      exclude = ''
      old_backup_metadata = False
      scheduled_backup = <function scheduled_backup at 0x108fa6200>
      exit_code = 0
      rollback_callback = None
      site = 'crm.localhost'
  File "apps/frappe/frappe/utils/backups.py", line 568, in scheduled_backup
    return new_backup(
      older_than = 6
      ignore_files = True
      backup_path = None
      backup_path_db = None
      backup_path_files = None
      backup_path_private_files = None
      backup_path_conf = None
      ignore_conf = False
      include_doctypes = ''
      exclude_doctypes = ''
      compress = False
      force = True
      verbose = True
      old_backup_metadata = False
      rollback_callback = <frappe.utils.CallbackManager object at 0x1095a00d0>
  File "apps/frappe/frappe/utils/backups.py", line 626, in new_backup
    odb.get_backup(older_than, ignore_files, force=force)
      older_than = 6
      ignore_files = True
      backup_path = None
      backup_path_db = None
      backup_path_files = None
      backup_path_private_files = None
      backup_path_conf = None
      ignore_conf = False
      include_doctypes = ''
      exclude_doctypes = ''
      compress = False
      force = True
      verbose = True
      old_backup_metadata = False
      rollback_callback = <frappe.utils.CallbackManager object at 0x1095a00d0>
      odb = <frappe.utils.backups.BackupGenerator object at 0x1095a0170>
  File "apps/frappe/frappe/utils/backups.py", line 195, in get_backup
    self.delete_if_step_fails(self.take_dump, self.backup_path_db)
      self = <frappe.utils.backups.BackupGenerator object at 0x1095a0170>
      older_than = 6
      ignore_files = True
      force = True
      last_db = False
      last_file = False
      last_private_file = False
      site_config_backup_path = False
  File "apps/frappe/frappe/utils/backups.py", line 520, in delete_if_step_fails
    raise e
      self = <frappe.utils.backups.BackupGenerator object at 0x1095a0170>
      step = <bound method BackupGenerator.take_dump of <frappe.utils.backups.BackupGenerator object at 0x1095a0170>>
      paths = ('./crm.localhost/private/backups/20251106_000002-crm_localhost-database.sql.gz',)
      path = './crm.localhost/private/backups/20251106_000002-crm_localhost-database.sql.gz'
  File "apps/frappe/frappe/utils/backups.py", line 515, in delete_if_step_fails
    step()
      self = <frappe.utils.backups.BackupGenerator object at 0x1095a0170>
      step = <bound method BackupGenerator.take_dump of <frappe.utils.backups.BackupGenerator object at 0x1095a0170>>
      paths = ('./crm.localhost/private/backups/20251106_000002-crm_localhost-database.sql.gz',)
      path = './crm.localhost/private/backups/20251106_000002-crm_localhost-database.sql.gz'
  File "apps/frappe/frappe/utils/backups.py", line 457, in take_dump
    frappe.throw(
      self = <frappe.utils.backups.BackupGenerator object at 0x1095a0170>
      shlex = <module 'shlex' from '/opt/homebrew/Cellar/python@3.12/3.12.12/Frameworks/Python.framework/Versions/3.12/lib/python3.12/shlex.py'>
      frappe = <module 'frappe' from 'apps/frappe/frappe/__init__.py'>
      get_app_branch = <function get_app_branch at 0x10afc32e0>
      gzip_exc = '/usr/bin/gzip'
      database_header_content = ['begin frappe metadata', '[frappe]', 'version = 15.87.0', 'branch = version-15', 'end frappe metadata', '']
      generated_header = '-- begin frappe metadata\n-- [frappe]\n-- version = 15.87.0\n-- branch = version-15\n-- end frappe metadata\n-- \n'
      f = <_io.TextIOWrapper name='./crm.localhost/private/backups/20251106_000002-crm_localhost-database.sql.gz' encoding='UTF-8'>
      cmd = []
      extra = []
      get_command = <function get_command at 0x1093d7a60>
      bin = None
      args = ['--user=_9814a4929be7d80c', '--host=127.0.0.1', '--port=3306', '--password=zQIkcR46Jtuxaaxx', '--single-transaction', '--quick', '--lock-tables=false', '_9814a4929be7d80c']
      bin_name = 'mariadb-dump'
  File "apps/frappe/frappe/__init__.py", line 609, in throw
    msgprint(
      msg = 'mariadb-dump not found in PATH! This is required to take a backup.'
      exc = <class 'frappe.exceptions.ExecutableNotFound'>
      title = None
      is_minimizable = False
      wide = False
      as_list = False
      primary_action = None
  File "apps/frappe/frappe/__init__.py", line 574, in msgprint
    _raise_exception()
      msg = 'mariadb-dump not found in PATH! This is required to take a backup.'
      title = None
      raise_exception = <class 'frappe.exceptions.ExecutableNotFound'>
      as_table = False
      as_list = False
      indicator = 'red'
      alert = False
      primary_action = None
      is_minimizable = False
      wide = False
      realtime = False
      sys = <module 'sys' (built-in)>
      _raise_exception = <function msgprint.<locals>._raise_exception at 0x10afd1d00>
      inspect = <module 'inspect' from '/opt/homebrew/Cellar/python@3.12/3.12.12/Frameworks/Python.framework/Versions/3.12/lib/python3.12/inspect.py'>
      out = {'message': 'mariadb-dump not found in PATH! This is required to take a backup.', 'title': 'Message', 'indicator': 'red', 'raise_exception': 1, '__frappe_exc_id': 'b57434fa58809f892328592ec4ac0a4a66ac0c9a6a3ec8e7e757b3d6'}
  File "apps/frappe/frappe/__init__.py", line 525, in _raise_exception
    raise exc
      exc = ExecutableNotFound('mariadb-dump not found in PATH! This is required to take a backup.')
      inspect = <module 'inspect' from '/opt/homebrew/Cellar/python@3.12/3.12.12/Frameworks/Python.framework/Versions/3.12/lib/python3.12/inspect.py'>
      msg = 'mariadb-dump not found in PATH! This is required to take a backup.'
      out = {'message': 'mariadb-dump not found in PATH! This is required to take a backup.', 'title': 'Message', 'indicator': 'red', 'raise_exception': 1, '__frappe_exc_id': 'b57434fa58809f892328592ec4ac0a4a66ac0c9a6a3ec8e7e757b3d6'}
      raise_exception = <class 'frappe.exceptions.ExecutableNotFound'>
frappe.exceptions.ExecutableNotFound: mariadb-dump not found in PATH! This is required to take a backup.
Backup failed for Site insights.localhost. Database or site_config.json may be corrupted
Traceback with variables (most recent call last):
  File "apps/frappe/frappe/commands/site.py", line 845, in backup
    odb = scheduled_backup(
      context = {'sites': ['crm.localhost', 'insights.localhost', 'library.localhost'], 'force': False, 'verbose': True, 'profile': False}
      with_files = False
      backup_path = None
      backup_path_db = None
      backup_path_files = None
      backup_path_private_files = None
      backup_path_conf = None
      ignore_backup_conf = False
      verbose = True
      compress = False
      include = ''
      exclude = ''
      old_backup_metadata = False
      scheduled_backup = <function scheduled_backup at 0x108fa6200>
      exit_code = 1
      rollback_callback = None
      site = 'insights.localhost'
  File "apps/frappe/frappe/utils/backups.py", line 568, in scheduled_backup
    return new_backup(
      older_than = 6
      ignore_files = True
      backup_path = None
      backup_path_db = None
      backup_path_files = None
      backup_path_private_files = None
      backup_path_conf = None
      ignore_conf = False
      include_doctypes = ''
      exclude_doctypes = ''
      compress = False
      force = True
      verbose = True
      old_backup_metadata = False
      rollback_callback = <frappe.utils.CallbackManager object at 0x1091433a0>
  File "apps/frappe/frappe/utils/backups.py", line 626, in new_backup
    odb.get_backup(older_than, ignore_files, force=force)
      older_than = 6
      ignore_files = True
      backup_path = None
      backup_path_db = None
      backup_path_files = None
      backup_path_private_files = None
      backup_path_conf = None
      ignore_conf = False
      include_doctypes = ''
      exclude_doctypes = ''
      compress = False
      force = True
      verbose = True
      old_backup_metadata = False
      rollback_callback = <frappe.utils.CallbackManager object at 0x1091433a0>
      odb = <frappe.utils.backups.BackupGenerator object at 0x109d3d220>
  File "apps/frappe/frappe/utils/backups.py", line 195, in get_backup
    self.delete_if_step_fails(self.take_dump, self.backup_path_db)
      self = <frappe.utils.backups.BackupGenerator object at 0x109d3d220>
      older_than = 6
      ignore_files = True
      force = True
      last_db = False
      last_file = False
      last_private_file = False
      site_config_backup_path = False
  File "apps/frappe/frappe/utils/backups.py", line 520, in delete_if_step_fails
    raise e
      self = <frappe.utils.backups.BackupGenerator object at 0x109d3d220>
      step = <bound method BackupGenerator.take_dump of <frappe.utils.backups.BackupGenerator object at 0x109d3d220>>
      paths = ('./crm.localhost/private/backups/20251106_000002-crm_localhost-database.sql.gz',)
      path = './crm.localhost/private/backups/20251106_000002-crm_localhost-database.sql.gz'
  File "apps/frappe/frappe/utils/backups.py", line 515, in delete_if_step_fails
    step()
      self = <frappe.utils.backups.BackupGenerator object at 0x109d3d220>
      step = <bound method BackupGenerator.take_dump of <frappe.utils.backups.BackupGenerator object at 0x109d3d220>>
      paths = ('./crm.localhost/private/backups/20251106_000002-crm_localhost-database.sql.gz',)
      path = './crm.localhost/private/backups/20251106_000002-crm_localhost-database.sql.gz'
  File "apps/frappe/frappe/utils/backups.py", line 457, in take_dump
    frappe.throw(
      self = <frappe.utils.backups.BackupGenerator object at 0x109d3d220>
      shlex = <module 'shlex' from '/opt/homebrew/Cellar/python@3.12/3.12.12/Frameworks/Python.framework/Versions/3.12/lib/python3.12/shlex.py'>
      frappe = <module 'frappe' from 'apps/frappe/frappe/__init__.py'>
      get_app_branch = <function get_app_branch at 0x10afc32e0>
      gzip_exc = '/usr/bin/gzip'
      database_header_content = ['begin frappe metadata', '[frappe]', 'version = 15.87.0', 'branch = version-15', 'end frappe metadata', '']
      generated_header = '-- begin frappe metadata\n-- [frappe]\n-- version = 15.87.0\n-- branch = version-15\n-- end frappe metadata\n-- \n'
      f = <_io.TextIOWrapper name='./crm.localhost/private/backups/20251106_000002-crm_localhost-database.sql.gz' encoding='UTF-8'>
      cmd = []
      extra = []
      get_command = <function get_command at 0x1093d7a60>
      bin = None
      args = ['--user=_9814a4929be7d80c', '--host=127.0.0.1', '--port=3306', '--password=zQIkcR46Jtuxaaxx', '--single-transaction', '--quick', '--lock-tables=false', '_9814a4929be7d80c']
      bin_name = 'mariadb-dump'
  File "apps/frappe/frappe/__init__.py", line 609, in throw
    msgprint(
      msg = 'mariadb-dump not found in PATH! This is required to take a backup.'
      exc = <class 'frappe.exceptions.ExecutableNotFound'>
      title = None
      is_minimizable = False
      wide = False
      as_list = False
      primary_action = None
  File "apps/frappe/frappe/__init__.py", line 574, in msgprint
    _raise_exception()
      msg = 'mariadb-dump not found in PATH! This is required to take a backup.'
      title = None
      raise_exception = <class 'frappe.exceptions.ExecutableNotFound'>
      as_table = False
      as_list = False
      indicator = 'red'
      alert = False
      primary_action = None
      is_minimizable = False
      wide = False
      realtime = False
      sys = <module 'sys' (built-in)>
      _raise_exception = <function msgprint.<locals>._raise_exception at 0x10b4249a0>
      inspect = <module 'inspect' from '/opt/homebrew/Cellar/python@3.12/3.12.12/Frameworks/Python.framework/Versions/3.12/lib/python3.12/inspect.py'>
      out = {'message': 'mariadb-dump not found in PATH! This is required to take a backup.', 'title': 'Message', 'indicator': 'red', 'raise_exception': 1, '__frappe_exc_id': '13e0af9ae4fd3f221b9842a4833d4a67131470bb3ce8c6aa4759991e'}
  File "apps/frappe/frappe/__init__.py", line 525, in _raise_exception
    raise exc
      exc = ExecutableNotFound('mariadb-dump not found in PATH! This is required to take a backup.')
      inspect = <module 'inspect' from '/opt/homebrew/Cellar/python@3.12/3.12.12/Frameworks/Python.framework/Versions/3.12/lib/python3.12/inspect.py'>
      msg = 'mariadb-dump not found in PATH! This is required to take a backup.'
      out = {'message': 'mariadb-dump not found in PATH! This is required to take a backup.', 'title': 'Message', 'indicator': 'red', 'raise_exception': 1, '__frappe_exc_id': '13e0af9ae4fd3f221b9842a4833d4a67131470bb3ce8c6aa4759991e'}
      raise_exception = <class 'frappe.exceptions.ExecutableNotFound'>
frappe.exceptions.ExecutableNotFound: mariadb-dump not found in PATH! This is required to take a backup.
Backup failed for Site library.localhost. Database or site_config.json may be corrupted
Traceback with variables (most recent call last):
  File "apps/frappe/frappe/commands/site.py", line 845, in backup
    odb = scheduled_backup(
      context = {'sites': ['crm.localhost', 'insights.localhost', 'library.localhost'], 'force': False, 'verbose': True, 'profile': False}
      with_files = False
      backup_path = None
      backup_path_db = None
      backup_path_files = None
      backup_path_private_files = None
      backup_path_conf = None
      ignore_backup_conf = False
      verbose = True
      compress = False
      include = ''
      exclude = ''
      old_backup_metadata = False
      scheduled_backup = <function scheduled_backup at 0x108fa6200>
      exit_code = 1
      rollback_callback = None
      site = 'library.localhost'
  File "apps/frappe/frappe/utils/backups.py", line 568, in scheduled_backup
    return new_backup(
      older_than = 6
      ignore_files = True
      backup_path = None
      backup_path_db = None
      backup_path_files = None
      backup_path_private_files = None
      backup_path_conf = None
      ignore_conf = False
      include_doctypes = ''
      exclude_doctypes = ''
      compress = False
      force = True
      verbose = True
      old_backup_metadata = False
      rollback_callback = <frappe.utils.CallbackManager object at 0x10b447bb0>
  File "apps/frappe/frappe/utils/backups.py", line 626, in new_backup
    odb.get_backup(older_than, ignore_files, force=force)
      older_than = 6
      ignore_files = True
      backup_path = None
      backup_path_db = None
      backup_path_files = None
      backup_path_private_files = None
      backup_path_conf = None
      ignore_conf = False
      include_doctypes = ''
      exclude_doctypes = ''
      compress = False
      force = True
      verbose = True
      old_backup_metadata = False
      rollback_callback = <frappe.utils.CallbackManager object at 0x10b447bb0>
      odb = <frappe.utils.backups.BackupGenerator object at 0x10b447b90>
  File "apps/frappe/frappe/utils/backups.py", line 195, in get_backup
    self.delete_if_step_fails(self.take_dump, self.backup_path_db)
      self = <frappe.utils.backups.BackupGenerator object at 0x10b447b90>
      older_than = 6
      ignore_files = True
      force = True
      last_db = False
      last_file = False
      last_private_file = False
      site_config_backup_path = False
  File "apps/frappe/frappe/utils/backups.py", line 520, in delete_if_step_fails
    raise e
      self = <frappe.utils.backups.BackupGenerator object at 0x10b447b90>
      step = <bound method BackupGenerator.take_dump of <frappe.utils.backups.BackupGenerator object at 0x10b447b90>>
      paths = ('./crm.localhost/private/backups/20251106_000002-crm_localhost-database.sql.gz',)
      path = './crm.localhost/private/backups/20251106_000002-crm_localhost-database.sql.gz'
  File "apps/frappe/frappe/utils/backups.py", line 515, in delete_if_step_fails
    step()
      self = <frappe.utils.backups.BackupGenerator object at 0x10b447b90>
      step = <bound method BackupGenerator.take_dump of <frappe.utils.backups.BackupGenerator object at 0x10b447b90>>
      paths = ('./crm.localhost/private/backups/20251106_000002-crm_localhost-database.sql.gz',)
      path = './crm.localhost/private/backups/20251106_000002-crm_localhost-database.sql.gz'
  File "apps/frappe/frappe/utils/backups.py", line 457, in take_dump
    frappe.throw(
      self = <frappe.utils.backups.BackupGenerator object at 0x10b447b90>
      shlex = <module 'shlex' from '/opt/homebrew/Cellar/python@3.12/3.12.12/Frameworks/Python.framework/Versions/3.12/lib/python3.12/shlex.py'>
      frappe = <module 'frappe' from 'apps/frappe/frappe/__init__.py'>
      get_app_branch = <function get_app_branch at 0x10afc32e0>
      gzip_exc = '/usr/bin/gzip'
      database_header_content = ['begin frappe metadata', '[frappe]', 'version = 15.87.0', 'branch = version-15', 'end frappe metadata', '']
      generated_header = '-- begin frappe metadata\n-- [frappe]\n-- version = 15.87.0\n-- branch = version-15\n-- end frappe metadata\n-- \n'
      f = <_io.TextIOWrapper name='./crm.localhost/private/backups/20251106_000002-crm_localhost-database.sql.gz' encoding='UTF-8'>
      cmd = []
      extra = []
      get_command = <function get_command at 0x1093d7a60>
      bin = None
      args = ['--user=_9814a4929be7d80c', '--host=127.0.0.1', '--port=3306', '--password=zQIkcR46Jtuxaaxx', '--single-transaction', '--quick', '--lock-tables=false', '_9814a4929be7d80c']
      bin_name = 'mariadb-dump'
  File "apps/frappe/frappe/__init__.py", line 609, in throw
    msgprint(
      msg = 'mariadb-dump not found in PATH! This is required to take a backup.'
      exc = <class 'frappe.exceptions.ExecutableNotFound'>
      title = None
      is_minimizable = False
      wide = False
      as_list = False
      primary_action = None
  File "apps/frappe/frappe/__init__.py", line 574, in msgprint
    _raise_exception()
      msg = 'mariadb-dump not found in PATH! This is required to take a backup.'
      title = None
      raise_exception = <class 'frappe.exceptions.ExecutableNotFound'>
      as_table = False
      as_list = False
      indicator = 'red'
      alert = False
      primary_action = None
      is_minimizable = False
      wide = False
      realtime = False
      sys = <module 'sys' (built-in)>
      _raise_exception = <function msgprint.<locals>._raise_exception at 0x10b427e20>
      inspect = <module 'inspect' from '/opt/homebrew/Cellar/python@3.12/3.12.12/Frameworks/Python.framework/Versions/3.12/lib/python3.12/inspect.py'>
      out = {'message': 'mariadb-dump not found in PATH! This is required to take a backup.', 'title': 'Message', 'indicator': 'red', 'raise_exception': 1, '__frappe_exc_id': 'c77898e708695ae79eef0a21aca77af702ead44899589202ea4b5fae'}
  File "apps/frappe/frappe/__init__.py", line 525, in _raise_exception
    raise exc
      exc = ExecutableNotFound('mariadb-dump not found in PATH! This is required to take a backup.')
      inspect = <module 'inspect' from '/opt/homebrew/Cellar/python@3.12/3.12.12/Frameworks/Python.framework/Versions/3.12/lib/python3.12/inspect.py'>
      msg = 'mariadb-dump not found in PATH! This is required to take a backup.'
      out = {'message': 'mariadb-dump not found in PATH! This is required to take a backup.', 'title': 'Message', 'indicator': 'red', 'raise_exception': 1, '__frappe_exc_id': 'c77898e708695ae79eef0a21aca77af702ead44899589202ea4b5fae'}
      raise_exception = <class 'frappe.exceptions.ExecutableNotFound'>
frappe.exceptions.ExecutableNotFound: mariadb-dump not found in PATH! This is required to take a backup.
Backup failed for Site crm.localhost. Database or site_config.json may be corrupted
Traceback with variables (most recent call last):
  File "apps/frappe/frappe/commands/site.py", line 845, in backup
    odb = scheduled_backup(
      context = {'sites': ['crm.localhost', 'insights.localhost', 'library.localhost'], 'force': False, 'verbose': True, 'profile': False}
      with_files = False
      backup_path = None
      backup_path_db = None
      backup_path_files = None
      backup_path_private_files = None
      backup_path_conf = None
      ignore_backup_conf = False
      verbose = True
      compress = False
      include = ''
      exclude = ''
      old_backup_metadata = False
      scheduled_backup = <function scheduled_backup at 0x10ae06200>
      exit_code = 0
      rollback_callback = None
      site = 'crm.localhost'
  File "apps/frappe/frappe/utils/backups.py", line 568, in scheduled_backup
    return new_backup(
      older_than = 6
      ignore_files = True
      backup_path = None
      backup_path_db = None
      backup_path_files = None
      backup_path_private_files = None
      backup_path_conf = None
      ignore_conf = False
      include_doctypes = ''
      exclude_doctypes = ''
      compress = False
      force = True
      verbose = True
      old_backup_metadata = False
      rollback_callback = <frappe.utils.CallbackManager object at 0x10b3f7d30>
  File "apps/frappe/frappe/utils/backups.py", line 626, in new_backup
    odb.get_backup(older_than, ignore_files, force=force)
      older_than = 6
      ignore_files = True
      backup_path = None
      backup_path_db = None
      backup_path_files = None
      backup_path_private_files = None
      backup_path_conf = None
      ignore_conf = False
      include_doctypes = ''
      exclude_doctypes = ''
      compress = False
      force = True
      verbose = True
      old_backup_metadata = False
      rollback_callback = <frappe.utils.CallbackManager object at 0x10b3f7d30>
      odb = <frappe.utils.backups.BackupGenerator object at 0x10b3f7dd0>
  File "apps/frappe/frappe/utils/backups.py", line 195, in get_backup
    self.delete_if_step_fails(self.take_dump, self.backup_path_db)
      self = <frappe.utils.backups.BackupGenerator object at 0x10b3f7dd0>
      older_than = 6
      ignore_files = True
      force = True
      last_db = False
      last_file = False
      last_private_file = False
      site_config_backup_path = False
  File "apps/frappe/frappe/utils/backups.py", line 520, in delete_if_step_fails
    raise e
      self = <frappe.utils.backups.BackupGenerator object at 0x10b3f7dd0>
      step = <bound method BackupGenerator.take_dump of <frappe.utils.backups.BackupGenerator object at 0x10b3f7dd0>>
      paths = ('./crm.localhost/private/backups/20251106_120003-crm_localhost-database.sql.gz',)
      path = './crm.localhost/private/backups/20251106_120003-crm_localhost-database.sql.gz'
  File "apps/frappe/frappe/utils/backups.py", line 515, in delete_if_step_fails
    step()
      self = <frappe.utils.backups.BackupGenerator object at 0x10b3f7dd0>
      step = <bound method BackupGenerator.take_dump of <frappe.utils.backups.BackupGenerator object at 0x10b3f7dd0>>
      paths = ('./crm.localhost/private/backups/20251106_120003-crm_localhost-database.sql.gz',)
      path = './crm.localhost/private/backups/20251106_120003-crm_localhost-database.sql.gz'
  File "apps/frappe/frappe/utils/backups.py", line 457, in take_dump
    frappe.throw(
      self = <frappe.utils.backups.BackupGenerator object at 0x10b3f7dd0>
      shlex = <module 'shlex' from '/opt/homebrew/Cellar/python@3.12/3.12.12/Frameworks/Python.framework/Versions/3.12/lib/python3.12/shlex.py'>
      frappe = <module 'frappe' from 'apps/frappe/frappe/__init__.py'>
      get_app_branch = <function get_app_branch at 0x10cd232e0>
      gzip_exc = '/usr/bin/gzip'
      database_header_content = ['begin frappe metadata', '[frappe]', 'version = 15.87.0', 'branch = version-15', 'end frappe metadata', '']
      generated_header = '-- begin frappe metadata\n-- [frappe]\n-- version = 15.87.0\n-- branch = version-15\n-- end frappe metadata\n-- \n'
      f = <_io.TextIOWrapper name='./crm.localhost/private/backups/20251106_120003-crm_localhost-database.sql.gz' encoding='UTF-8'>
      cmd = []
      extra = []
      get_command = <function get_command at 0x10b25fa60>
      bin = None
      args = ['--user=_9814a4929be7d80c', '--host=127.0.0.1', '--port=3306', '--password=zQIkcR46Jtuxaaxx', '--single-transaction', '--quick', '--lock-tables=false', '_9814a4929be7d80c']
      bin_name = 'mariadb-dump'
  File "apps/frappe/frappe/__init__.py", line 609, in throw
    msgprint(
      msg = 'mariadb-dump not found in PATH! This is required to take a backup.'
      exc = <class 'frappe.exceptions.ExecutableNotFound'>
      title = None
      is_minimizable = False
      wide = False
      as_list = False
      primary_action = None
  File "apps/frappe/frappe/__init__.py", line 574, in msgprint
    _raise_exception()
      msg = 'mariadb-dump not found in PATH! This is required to take a backup.'
      title = None
      raise_exception = <class 'frappe.exceptions.ExecutableNotFound'>
      as_table = False
      as_list = False
      indicator = 'red'
      alert = False
      primary_action = None
      is_minimizable = False
      wide = False
      realtime = False
      sys = <module 'sys' (built-in)>
      _raise_exception = <function msgprint.<locals>._raise_exception at 0x10cd31d00>
      inspect = <module 'inspect' from '/opt/homebrew/Cellar/python@3.12/3.12.12/Frameworks/Python.framework/Versions/3.12/lib/python3.12/inspect.py'>
      out = {'message': 'mariadb-dump not found in PATH! This is required to take a backup.', 'title': 'Message', 'indicator': 'red', 'raise_exception': 1, '__frappe_exc_id': '7704ee5520164ae38057a32d3409af9c9c4b12f71c49e96cbc6e75da'}
  File "apps/frappe/frappe/__init__.py", line 525, in _raise_exception
    raise exc
      exc = ExecutableNotFound('mariadb-dump not found in PATH! This is required to take a backup.')
      inspect = <module 'inspect' from '/opt/homebrew/Cellar/python@3.12/3.12.12/Frameworks/Python.framework/Versions/3.12/lib/python3.12/inspect.py'>
      msg = 'mariadb-dump not found in PATH! This is required to take a backup.'
      out = {'message': 'mariadb-dump not found in PATH! This is required to take a backup.', 'title': 'Message', 'indicator': 'red', 'raise_exception': 1, '__frappe_exc_id': '7704ee5520164ae38057a32d3409af9c9c4b12f71c49e96cbc6e75da'}
      raise_exception = <class 'frappe.exceptions.ExecutableNotFound'>
frappe.exceptions.ExecutableNotFound: mariadb-dump not found in PATH! This is required to take a backup.
Backup failed for Site insights.localhost. Database or site_config.json may be corrupted
Traceback with variables (most recent call last):
  File "apps/frappe/frappe/commands/site.py", line 845, in backup
    odb = scheduled_backup(
      context = {'sites': ['crm.localhost', 'insights.localhost', 'library.localhost'], 'force': False, 'verbose': True, 'profile': False}
      with_files = False
      backup_path = None
      backup_path_db = None
      backup_path_files = None
      backup_path_private_files = None
      backup_path_conf = None
      ignore_backup_conf = False
      verbose = True
      compress = False
      include = ''
      exclude = ''
      old_backup_metadata = False
      scheduled_backup = <function scheduled_backup at 0x10ae06200>
      exit_code = 1
      rollback_callback = None
      site = 'insights.localhost'
  File "apps/frappe/frappe/utils/backups.py", line 568, in scheduled_backup
    return new_backup(
      older_than = 6
      ignore_files = True
      backup_path = None
      backup_path_db = None
      backup_path_files = None
      backup_path_private_files = None
      backup_path_conf = None
      ignore_conf = False
      include_doctypes = ''
      exclude_doctypes = ''
      compress = False
      force = True
      verbose = True
      old_backup_metadata = False
      rollback_callback = <frappe.utils.CallbackManager object at 0x10994cee0>
  File "apps/frappe/frappe/utils/backups.py", line 626, in new_backup
    odb.get_backup(older_than, ignore_files, force=force)
      older_than = 6
      ignore_files = True
      backup_path = None
      backup_path_db = None
      backup_path_files = None
      backup_path_private_files = None
      backup_path_conf = None
      ignore_conf = False
      include_doctypes = ''
      exclude_doctypes = ''
      compress = False
      force = True
      verbose = True
      old_backup_metadata = False
      rollback_callback = <frappe.utils.CallbackManager object at 0x10994cee0>
      odb = <frappe.utils.backups.BackupGenerator object at 0x10ae55340>
  File "apps/frappe/frappe/utils/backups.py", line 195, in get_backup
    self.delete_if_step_fails(self.take_dump, self.backup_path_db)
      self = <frappe.utils.backups.BackupGenerator object at 0x10ae55340>
      older_than = 6
      ignore_files = True
      force = True
      last_db = False
      last_file = False
      last_private_file = False
      site_config_backup_path = False
  File "apps/frappe/frappe/utils/backups.py", line 520, in delete_if_step_fails
    raise e
      self = <frappe.utils.backups.BackupGenerator object at 0x10ae55340>
      step = <bound method BackupGenerator.take_dump of <frappe.utils.backups.BackupGenerator object at 0x10ae55340>>
      paths = ('./crm.localhost/private/backups/20251106_120003-crm_localhost-database.sql.gz',)
      path = './crm.localhost/private/backups/20251106_120003-crm_localhost-database.sql.gz'
  File "apps/frappe/frappe/utils/backups.py", line 515, in delete_if_step_fails
    step()
      self = <frappe.utils.backups.BackupGenerator object at 0x10ae55340>
      step = <bound method BackupGenerator.take_dump of <frappe.utils.backups.BackupGenerator object at 0x10ae55340>>
      paths = ('./crm.localhost/private/backups/20251106_120003-crm_localhost-database.sql.gz',)
      path = './crm.localhost/private/backups/20251106_120003-crm_localhost-database.sql.gz'
  File "apps/frappe/frappe/utils/backups.py", line 457, in take_dump
    frappe.throw(
      self = <frappe.utils.backups.BackupGenerator object at 0x10ae55340>
      shlex = <module 'shlex' from '/opt/homebrew/Cellar/python@3.12/3.12.12/Frameworks/Python.framework/Versions/3.12/lib/python3.12/shlex.py'>
      frappe = <module 'frappe' from 'apps/frappe/frappe/__init__.py'>
      get_app_branch = <function get_app_branch at 0x10cd232e0>
      gzip_exc = '/usr/bin/gzip'
      database_header_content = ['begin frappe metadata', '[frappe]', 'version = 15.87.0', 'branch = version-15', 'end frappe metadata', '']
      generated_header = '-- begin frappe metadata\n-- [frappe]\n-- version = 15.87.0\n-- branch = version-15\n-- end frappe metadata\n-- \n'
      f = <_io.TextIOWrapper name='./crm.localhost/private/backups/20251106_120003-crm_localhost-database.sql.gz' encoding='UTF-8'>
      cmd = []
      extra = []
      get_command = <function get_command at 0x10b25fa60>
      bin = None
      args = ['--user=_9814a4929be7d80c', '--host=127.0.0.1', '--port=3306', '--password=zQIkcR46Jtuxaaxx', '--single-transaction', '--quick', '--lock-tables=false', '_9814a4929be7d80c']
      bin_name = 'mariadb-dump'
  File "apps/frappe/frappe/__init__.py", line 609, in throw
    msgprint(
      msg = 'mariadb-dump not found in PATH! This is required to take a backup.'
      exc = <class 'frappe.exceptions.ExecutableNotFound'>
      title = None
      is_minimizable = False
      wide = False
      as_list = False
      primary_action = None
  File "apps/frappe/frappe/__init__.py", line 574, in msgprint
    _raise_exception()
      msg = 'mariadb-dump not found in PATH! This is required to take a backup.'
      title = None
      raise_exception = <class 'frappe.exceptions.ExecutableNotFound'>
      as_table = False
      as_list = False
      indicator = 'red'
      alert = False
      primary_action = None
      is_minimizable = False
      wide = False
      realtime = False
      sys = <module 'sys' (built-in)>
      _raise_exception = <function msgprint.<locals>._raise_exception at 0x10d1849a0>
      inspect = <module 'inspect' from '/opt/homebrew/Cellar/python@3.12/3.12.12/Frameworks/Python.framework/Versions/3.12/lib/python3.12/inspect.py'>
      out = {'message': 'mariadb-dump not found in PATH! This is required to take a backup.', 'title': 'Message', 'indicator': 'red', 'raise_exception': 1, '__frappe_exc_id': '0a638e7345a4cac8aac4bbf5b2ba6582cc788166fe18e4e8d1630b7d'}
  File "apps/frappe/frappe/__init__.py", line 525, in _raise_exception
    raise exc
      exc = ExecutableNotFound('mariadb-dump not found in PATH! This is required to take a backup.')
      inspect = <module 'inspect' from '/opt/homebrew/Cellar/python@3.12/3.12.12/Frameworks/Python.framework/Versions/3.12/lib/python3.12/inspect.py'>
      msg = 'mariadb-dump not found in PATH! This is required to take a backup.'
      out = {'message': 'mariadb-dump not found in PATH! This is required to take a backup.', 'title': 'Message', 'indicator': 'red', 'raise_exception': 1, '__frappe_exc_id': '0a638e7345a4cac8aac4bbf5b2ba6582cc788166fe18e4e8d1630b7d'}
      raise_exception = <class 'frappe.exceptions.ExecutableNotFound'>
frappe.exceptions.ExecutableNotFound: mariadb-dump not found in PATH! This is required to take a backup.
Backup failed for Site library.localhost. Database or site_config.json may be corrupted
Traceback with variables (most recent call last):
  File "apps/frappe/frappe/commands/site.py", line 845, in backup
    odb = scheduled_backup(
      context = {'sites': ['crm.localhost', 'insights.localhost', 'library.localhost'], 'force': False, 'verbose': True, 'profile': False}
      with_files = False
      backup_path = None
      backup_path_db = None
      backup_path_files = None
      backup_path_private_files = None
      backup_path_conf = None
      ignore_backup_conf = False
      verbose = True
      compress = False
      include = ''
      exclude = ''
      old_backup_metadata = False
      scheduled_backup = <function scheduled_backup at 0x10ae06200>
      exit_code = 1
      rollback_callback = None
      site = 'library.localhost'
  File "apps/frappe/frappe/utils/backups.py", line 568, in scheduled_backup
    return new_backup(
      older_than = 6
      ignore_files = True
      backup_path = None
      backup_path_db = None
      backup_path_files = None
      backup_path_private_files = None
      backup_path_conf = None
      ignore_conf = False
      include_doctypes = ''
      exclude_doctypes = ''
      compress = False
      force = True
      verbose = True
      old_backup_metadata = False
      rollback_callback = <frappe.utils.CallbackManager object at 0x10d1a7be0>
  File "apps/frappe/frappe/utils/backups.py", line 626, in new_backup
    odb.get_backup(older_than, ignore_files, force=force)
      older_than = 6
      ignore_files = True
      backup_path = None
      backup_path_db = None
      backup_path_files = None
      backup_path_private_files = None
      backup_path_conf = None
      ignore_conf = False
      include_doctypes = ''
      exclude_doctypes = ''
      compress = False
      force = True
      verbose = True
      old_backup_metadata = False
      rollback_callback = <frappe.utils.CallbackManager object at 0x10d1a7be0>
      odb = <frappe.utils.backups.BackupGenerator object at 0x10d1a7bc0>
  File "apps/frappe/frappe/utils/backups.py", line 195, in get_backup
    self.delete_if_step_fails(self.take_dump, self.backup_path_db)
      self = <frappe.utils.backups.BackupGenerator object at 0x10d1a7bc0>
      older_than = 6
      ignore_files = True
      force = True
      last_db = False
      last_file = False
      last_private_file = False
      site_config_backup_path = False
  File "apps/frappe/frappe/utils/backups.py", line 520, in delete_if_step_fails
    raise e
      self = <frappe.utils.backups.BackupGenerator object at 0x10d1a7bc0>
      step = <bound method BackupGenerator.take_dump of <frappe.utils.backups.BackupGenerator object at 0x10d1a7bc0>>
      paths = ('./crm.localhost/private/backups/20251106_120003-crm_localhost-database.sql.gz',)
      path = './crm.localhost/private/backups/20251106_120003-crm_localhost-database.sql.gz'
  File "apps/frappe/frappe/utils/backups.py", line 515, in delete_if_step_fails
    step()
      self = <frappe.utils.backups.BackupGenerator object at 0x10d1a7bc0>
      step = <bound method BackupGenerator.take_dump of <frappe.utils.backups.BackupGenerator object at 0x10d1a7bc0>>
      paths = ('./crm.localhost/private/backups/20251106_120003-crm_localhost-database.sql.gz',)
      path = './crm.localhost/private/backups/20251106_120003-crm_localhost-database.sql.gz'
  File "apps/frappe/frappe/utils/backups.py", line 457, in take_dump
    frappe.throw(
      self = <frappe.utils.backups.BackupGenerator object at 0x10d1a7bc0>
      shlex = <module 'shlex' from '/opt/homebrew/Cellar/python@3.12/3.12.12/Frameworks/Python.framework/Versions/3.12/lib/python3.12/shlex.py'>
      frappe = <module 'frappe' from 'apps/frappe/frappe/__init__.py'>
      get_app_branch = <function get_app_branch at 0x10cd232e0>
      gzip_exc = '/usr/bin/gzip'
      database_header_content = ['begin frappe metadata', '[frappe]', 'version = 15.87.0', 'branch = version-15', 'end frappe metadata', '']
      generated_header = '-- begin frappe metadata\n-- [frappe]\n-- version = 15.87.0\n-- branch = version-15\n-- end frappe metadata\n-- \n'
      f = <_io.TextIOWrapper name='./crm.localhost/private/backups/20251106_120003-crm_localhost-database.sql.gz' encoding='UTF-8'>
      cmd = []
      extra = []
      get_command = <function get_command at 0x10b25fa60>
      bin = None
      args = ['--user=_9814a4929be7d80c', '--host=127.0.0.1', '--port=3306', '--password=zQIkcR46Jtuxaaxx', '--single-transaction', '--quick', '--lock-tables=false', '_9814a4929be7d80c']
      bin_name = 'mariadb-dump'
  File "apps/frappe/frappe/__init__.py", line 609, in throw
    msgprint(
      msg = 'mariadb-dump not found in PATH! This is required to take a backup.'
      exc = <class 'frappe.exceptions.ExecutableNotFound'>
      title = None
      is_minimizable = False
      wide = False
      as_list = False
      primary_action = None
  File "apps/frappe/frappe/__init__.py", line 574, in msgprint
    _raise_exception()
      msg = 'mariadb-dump not found in PATH! This is required to take a backup.'
      title = None
      raise_exception = <class 'frappe.exceptions.ExecutableNotFound'>
      as_table = False
      as_list = False
      indicator = 'red'
      alert = False
      primary_action = None
      is_minimizable = False
      wide = False
      realtime = False
      sys = <module 'sys' (built-in)>
      _raise_exception = <function msgprint.<locals>._raise_exception at 0x10d187e20>
      inspect = <module 'inspect' from '/opt/homebrew/Cellar/python@3.12/3.12.12/Frameworks/Python.framework/Versions/3.12/lib/python3.12/inspect.py'>
      out = {'message': 'mariadb-dump not found in PATH! This is required to take a backup.', 'title': 'Message', 'indicator': 'red', 'raise_exception': 1, '__frappe_exc_id': 'c0db77085eb2b8e95c3cdfd0a20b4e9bdc686e020f4ddc01b5e69750'}
  File "apps/frappe/frappe/__init__.py", line 525, in _raise_exception
    raise exc
      exc = ExecutableNotFound('mariadb-dump not found in PATH! This is required to take a backup.')
      inspect = <module 'inspect' from '/opt/homebrew/Cellar/python@3.12/3.12.12/Frameworks/Python.framework/Versions/3.12/lib/python3.12/inspect.py'>
      msg = 'mariadb-dump not found in PATH! This is required to take a backup.'
      out = {'message': 'mariadb-dump not found in PATH! This is required to take a backup.', 'title': 'Message', 'indicator': 'red', 'raise_exception': 1, '__frappe_exc_id': 'c0db77085eb2b8e95c3cdfd0a20b4e9bdc686e020f4ddc01b5e69750'}
      raise_exception = <class 'frappe.exceptions.ExecutableNotFound'>
frappe.exceptions.ExecutableNotFound: mariadb-dump not found in PATH! This is required to take a backup.
Backup failed for Site crm.localhost. Database or site_config.json may be corrupted
Traceback with variables (most recent call last):
  File "apps/frappe/frappe/commands/site.py", line 845, in backup
    odb = scheduled_backup(
      context = {'sites': ['crm.localhost', 'insights.localhost', 'library.localhost'], 'force': False, 'verbose': True, 'profile': False}
      with_files = False
      backup_path = None
      backup_path_db = None
      backup_path_files = None
      backup_path_private_files = None
      backup_path_conf = None
      ignore_backup_conf = False
      verbose = True
      compress = False
      include = ''
      exclude = ''
      old_backup_metadata = False
      scheduled_backup = <function scheduled_backup at 0x10960a200>
      exit_code = 0
      rollback_callback = None
      site = 'crm.localhost'
  File "apps/frappe/frappe/utils/backups.py", line 568, in scheduled_backup
    return new_backup(
      older_than = 6
      ignore_files = True
      backup_path = None
      backup_path_db = None
      backup_path_files = None
      backup_path_private_files = None
      backup_path_conf = None
      ignore_conf = False
      include_doctypes = ''
      exclude_doctypes = ''
      compress = False
      force = True
      verbose = True
      old_backup_metadata = False
      rollback_callback = <frappe.utils.CallbackManager object at 0x109bcfeb0>
  File "apps/frappe/frappe/utils/backups.py", line 626, in new_backup
    odb.get_backup(older_than, ignore_files, force=force)
      older_than = 6
      ignore_files = True
      backup_path = None
      backup_path_db = None
      backup_path_files = None
      backup_path_private_files = None
      backup_path_conf = None
      ignore_conf = False
      include_doctypes = ''
      exclude_doctypes = ''
      compress = False
      force = True
      verbose = True
      old_backup_metadata = False
      rollback_callback = <frappe.utils.CallbackManager object at 0x109bcfeb0>
      odb = <frappe.utils.backups.BackupGenerator object at 0x109bcff50>
  File "apps/frappe/frappe/utils/backups.py", line 195, in get_backup
    self.delete_if_step_fails(self.take_dump, self.backup_path_db)
      self = <frappe.utils.backups.BackupGenerator object at 0x109bcff50>
      older_than = 6
      ignore_files = True
      force = True
      last_db = False
      last_file = False
      last_private_file = False
      site_config_backup_path = False
  File "apps/frappe/frappe/utils/backups.py", line 520, in delete_if_step_fails
    raise e
      self = <frappe.utils.backups.BackupGenerator object at 0x109bcff50>
      step = <bound method BackupGenerator.take_dump of <frappe.utils.backups.BackupGenerator object at 0x109bcff50>>
      paths = ('./crm.localhost/private/backups/20251106_180003-crm_localhost-database.sql.gz',)
      path = './crm.localhost/private/backups/20251106_180003-crm_localhost-database.sql.gz'
  File "apps/frappe/frappe/utils/backups.py", line 515, in delete_if_step_fails
    step()
      self = <frappe.utils.backups.BackupGenerator object at 0x109bcff50>
      step = <bound method BackupGenerator.take_dump of <frappe.utils.backups.BackupGenerator object at 0x109bcff50>>
      paths = ('./crm.localhost/private/backups/20251106_180003-crm_localhost-database.sql.gz',)
      path = './crm.localhost/private/backups/20251106_180003-crm_localhost-database.sql.gz'
  File "apps/frappe/frappe/utils/backups.py", line 457, in take_dump
    frappe.throw(
      self = <frappe.utils.backups.BackupGenerator object at 0x109bcff50>
      shlex = <module 'shlex' from '/opt/homebrew/Cellar/python@3.12/3.12.12/Frameworks/Python.framework/Versions/3.12/lib/python3.12/shlex.py'>
      frappe = <module 'frappe' from 'apps/frappe/frappe/__init__.py'>
      get_app_branch = <function get_app_branch at 0x10b6272e0>
      gzip_exc = '/usr/bin/gzip'
      database_header_content = ['begin frappe metadata', '[frappe]', 'version = 15.87.0', 'branch = version-15', 'end frappe metadata', '']
      generated_header = '-- begin frappe metadata\n-- [frappe]\n-- version = 15.87.0\n-- branch = version-15\n-- end frappe metadata\n-- \n'
      f = <_io.TextIOWrapper name='./crm.localhost/private/backups/20251106_180003-crm_localhost-database.sql.gz' encoding='UTF-8'>
      cmd = []
      extra = []
      get_command = <function get_command at 0x109a3ba60>
      bin = None
      args = ['--user=_9814a4929be7d80c', '--host=127.0.0.1', '--port=3306', '--password=zQIkcR46Jtuxaaxx', '--single-transaction', '--quick', '--lock-tables=false', '_9814a4929be7d80c']
      bin_name = 'mariadb-dump'
  File "apps/frappe/frappe/__init__.py", line 609, in throw
    msgprint(
      msg = 'mariadb-dump not found in PATH! This is required to take a backup.'
      exc = <class 'frappe.exceptions.ExecutableNotFound'>
      title = None
      is_minimizable = False
      wide = False
      as_list = False
      primary_action = None
  File "apps/frappe/frappe/__init__.py", line 574, in msgprint
    _raise_exception()
      msg = 'mariadb-dump not found in PATH! This is required to take a backup.'
      title = None
      raise_exception = <class 'frappe.exceptions.ExecutableNotFound'>
      as_table = False
      as_list = False
      indicator = 'red'
      alert = False
      primary_action = None
      is_minimizable = False
      wide = False
      realtime = False
      sys = <module 'sys' (built-in)>
      _raise_exception = <function msgprint.<locals>._raise_exception at 0x10b635d00>
      inspect = <module 'inspect' from '/opt/homebrew/Cellar/python@3.12/3.12.12/Frameworks/Python.framework/Versions/3.12/lib/python3.12/inspect.py'>
      out = {'message': 'mariadb-dump not found in PATH! This is required to take a backup.', 'title': 'Message', 'indicator': 'red', 'raise_exception': 1, '__frappe_exc_id': 'a5a94da34338bddc34950083c50b259564fae810801c42d4967a2663'}
  File "apps/frappe/frappe/__init__.py", line 525, in _raise_exception
    raise exc
      exc = ExecutableNotFound('mariadb-dump not found in PATH! This is required to take a backup.')
      inspect = <module 'inspect' from '/opt/homebrew/Cellar/python@3.12/3.12.12/Frameworks/Python.framework/Versions/3.12/lib/python3.12/inspect.py'>
      msg = 'mariadb-dump not found in PATH! This is required to take a backup.'
      out = {'message': 'mariadb-dump not found in PATH! This is required to take a backup.', 'title': 'Message', 'indicator': 'red', 'raise_exception': 1, '__frappe_exc_id': 'a5a94da34338bddc34950083c50b259564fae810801c42d4967a2663'}
      raise_exception = <class 'frappe.exceptions.ExecutableNotFound'>
frappe.exceptions.ExecutableNotFound: mariadb-dump not found in PATH! This is required to take a backup.
Backup failed for Site insights.localhost. Database or site_config.json may be corrupted
Traceback with variables (most recent call last):
  File "apps/frappe/frappe/commands/site.py", line 845, in backup
    odb = scheduled_backup(
      context = {'sites': ['crm.localhost', 'insights.localhost', 'library.localhost'], 'force': False, 'verbose': True, 'profile': False}
      with_files = False
      backup_path = None
      backup_path_db = None
      backup_path_files = None
      backup_path_private_files = None
      backup_path_conf = None
      ignore_backup_conf = False
      verbose = True
      compress = False
      include = ''
      exclude = ''
      old_backup_metadata = False
      scheduled_backup = <function scheduled_backup at 0x10960a200>
      exit_code = 1
      rollback_callback = None
      site = 'insights.localhost'
  File "apps/frappe/frappe/utils/backups.py", line 568, in scheduled_backup
    return new_backup(
      older_than = 6
      ignore_files = True
      backup_path = None
      backup_path_db = None
      backup_path_files = None
      backup_path_private_files = None
      backup_path_conf = None
      ignore_conf = False
      include_doctypes = ''
      exclude_doctypes = ''
      compress = False
      force = True
      verbose = True
      old_backup_metadata = False
      rollback_callback = <frappe.utils.CallbackManager object at 0x109a2ea70>
  File "apps/frappe/frappe/utils/backups.py", line 626, in new_backup
    odb.get_backup(older_than, ignore_files, force=force)
      older_than = 6
      ignore_files = True
      backup_path = None
      backup_path_db = None
      backup_path_files = None
      backup_path_private_files = None
      backup_path_conf = None
      ignore_conf = False
      include_doctypes = ''
      exclude_doctypes = ''
      compress = False
      force = True
      verbose = True
      old_backup_metadata = False
      rollback_callback = <frappe.utils.CallbackManager object at 0x109a2ea70>
      odb = <frappe.utils.backups.BackupGenerator object at 0x109c041a0>
  File "apps/frappe/frappe/utils/backups.py", line 195, in get_backup
    self.delete_if_step_fails(self.take_dump, self.backup_path_db)
      self = <frappe.utils.backups.BackupGenerator object at 0x109c041a0>
      older_than = 6
      ignore_files = True
      force = True
      last_db = False
      last_file = False
      last_private_file = False
      site_config_backup_path = False
  File "apps/frappe/frappe/utils/backups.py", line 520, in delete_if_step_fails
    raise e
      self = <frappe.utils.backups.BackupGenerator object at 0x109c041a0>
      step = <bound method BackupGenerator.take_dump of <frappe.utils.backups.BackupGenerator object at 0x109c041a0>>
      paths = ('./crm.localhost/private/backups/20251106_180003-crm_localhost-database.sql.gz',)
      path = './crm.localhost/private/backups/20251106_180003-crm_localhost-database.sql.gz'
  File "apps/frappe/frappe/utils/backups.py", line 515, in delete_if_step_fails
    step()
      self = <frappe.utils.backups.BackupGenerator object at 0x109c041a0>
      step = <bound method BackupGenerator.take_dump of <frappe.utils.backups.BackupGenerator object at 0x109c041a0>>
      paths = ('./crm.localhost/private/backups/20251106_180003-crm_localhost-database.sql.gz',)
      path = './crm.localhost/private/backups/20251106_180003-crm_localhost-database.sql.gz'
  File "apps/frappe/frappe/utils/backups.py", line 457, in take_dump
    frappe.throw(
      self = <frappe.utils.backups.BackupGenerator object at 0x109c041a0>
      shlex = <module 'shlex' from '/opt/homebrew/Cellar/python@3.12/3.12.12/Frameworks/Python.framework/Versions/3.12/lib/python3.12/shlex.py'>
      frappe = <module 'frappe' from 'apps/frappe/frappe/__init__.py'>
      get_app_branch = <function get_app_branch at 0x10b6272e0>
      gzip_exc = '/usr/bin/gzip'
      database_header_content = ['begin frappe metadata', '[frappe]', 'version = 15.87.0', 'branch = version-15', 'end frappe metadata', '']
      generated_header = '-- begin frappe metadata\n-- [frappe]\n-- version = 15.87.0\n-- branch = version-15\n-- end frappe metadata\n-- \n'
      f = <_io.TextIOWrapper name='./crm.localhost/private/backups/20251106_180003-crm_localhost-database.sql.gz' encoding='UTF-8'>
      cmd = []
      extra = []
      get_command = <function get_command at 0x109a3ba60>
      bin = None
      args = ['--user=_9814a4929be7d80c', '--host=127.0.0.1', '--port=3306', '--password=zQIkcR46Jtuxaaxx', '--single-transaction', '--quick', '--lock-tables=false', '_9814a4929be7d80c']
      bin_name = 'mariadb-dump'
  File "apps/frappe/frappe/__init__.py", line 609, in throw
    msgprint(
      msg = 'mariadb-dump not found in PATH! This is required to take a backup.'
      exc = <class 'frappe.exceptions.ExecutableNotFound'>
      title = None
      is_minimizable = False
      wide = False
      as_list = False
      primary_action = None
  File "apps/frappe/frappe/__init__.py", line 574, in msgprint
    _raise_exception()
      msg = 'mariadb-dump not found in PATH! This is required to take a backup.'
      title = None
      raise_exception = <class 'frappe.exceptions.ExecutableNotFound'>
      as_table = False
      as_list = False
      indicator = 'red'
      alert = False
      primary_action = None
      is_minimizable = False
      wide = False
      realtime = False
      sys = <module 'sys' (built-in)>
      _raise_exception = <function msgprint.<locals>._raise_exception at 0x10ba889a0>
      inspect = <module 'inspect' from '/opt/homebrew/Cellar/python@3.12/3.12.12/Frameworks/Python.framework/Versions/3.12/lib/python3.12/inspect.py'>
      out = {'message': 'mariadb-dump not found in PATH! This is required to take a backup.', 'title': 'Message', 'indicator': 'red', 'raise_exception': 1, '__frappe_exc_id': 'cb66b559e3fcfe4666b375ffe46f054c97b43c3c28cf5072c078f52a'}
  File "apps/frappe/frappe/__init__.py", line 525, in _raise_exception
    raise exc
      exc = ExecutableNotFound('mariadb-dump not found in PATH! This is required to take a backup.')
      inspect = <module 'inspect' from '/opt/homebrew/Cellar/python@3.12/3.12.12/Frameworks/Python.framework/Versions/3.12/lib/python3.12/inspect.py'>
      msg = 'mariadb-dump not found in PATH! This is required to take a backup.'
      out = {'message': 'mariadb-dump not found in PATH! This is required to take a backup.', 'title': 'Message', 'indicator': 'red', 'raise_exception': 1, '__frappe_exc_id': 'cb66b559e3fcfe4666b375ffe46f054c97b43c3c28cf5072c078f52a'}
      raise_exception = <class 'frappe.exceptions.ExecutableNotFound'>
frappe.exceptions.ExecutableNotFound: mariadb-dump not found in PATH! This is required to take a backup.
Backup failed for Site library.localhost. Database or site_config.json may be corrupted
Traceback with variables (most recent call last):
  File "apps/frappe/frappe/commands/site.py", line 845, in backup
    odb = scheduled_backup(
      context = {'sites': ['crm.localhost', 'insights.localhost', 'library.localhost'], 'force': False, 'verbose': True, 'profile': False}
      with_files = False
      backup_path = None
      backup_path_db = None
      backup_path_files = None
      backup_path_private_files = None
      backup_path_conf = None
      ignore_backup_conf = False
      verbose = True
      compress = False
      include = ''
      exclude = ''
      old_backup_metadata = False
      scheduled_backup = <function scheduled_backup at 0x10960a200>
      exit_code = 1
      rollback_callback = None
      site = 'library.localhost'
  File "apps/frappe/frappe/utils/backups.py", line 568, in scheduled_backup
    return new_backup(
      older_than = 6
      ignore_files = True
      backup_path = None
      backup_path_db = None
      backup_path_files = None
      backup_path_private_files = None
      backup_path_conf = None
      ignore_conf = False
      include_doctypes = ''
      exclude_doctypes = ''
      compress = False
      force = True
      verbose = True
      old_backup_metadata = False
      rollback_callback = <frappe.utils.CallbackManager object at 0x10baabbe0>
  File "apps/frappe/frappe/utils/backups.py", line 626, in new_backup
    odb.get_backup(older_than, ignore_files, force=force)
      older_than = 6
      ignore_files = True
      backup_path = None
      backup_path_db = None
      backup_path_files = None
      backup_path_private_files = None
      backup_path_conf = None
      ignore_conf = False
      include_doctypes = ''
      exclude_doctypes = ''
      compress = False
      force = True
      verbose = True
      old_backup_metadata = False
      rollback_callback = <frappe.utils.CallbackManager object at 0x10baabbe0>
      odb = <frappe.utils.backups.BackupGenerator object at 0x10baabbc0>
  File "apps/frappe/frappe/utils/backups.py", line 195, in get_backup
    self.delete_if_step_fails(self.take_dump, self.backup_path_db)
      self = <frappe.utils.backups.BackupGenerator object at 0x10baabbc0>
      older_than = 6
      ignore_files = True
      force = True
      last_db = False
      last_file = False
      last_private_file = False
      site_config_backup_path = False
  File "apps/frappe/frappe/utils/backups.py", line 520, in delete_if_step_fails
    raise e
      self = <frappe.utils.backups.BackupGenerator object at 0x10baabbc0>
      step = <bound method BackupGenerator.take_dump of <frappe.utils.backups.BackupGenerator object at 0x10baabbc0>>
      paths = ('./crm.localhost/private/backups/20251106_180003-crm_localhost-database.sql.gz',)
      path = './crm.localhost/private/backups/20251106_180003-crm_localhost-database.sql.gz'
  File "apps/frappe/frappe/utils/backups.py", line 515, in delete_if_step_fails
    step()
      self = <frappe.utils.backups.BackupGenerator object at 0x10baabbc0>
      step = <bound method BackupGenerator.take_dump of <frappe.utils.backups.BackupGenerator object at 0x10baabbc0>>
      paths = ('./crm.localhost/private/backups/20251106_180003-crm_localhost-database.sql.gz',)
      path = './crm.localhost/private/backups/20251106_180003-crm_localhost-database.sql.gz'
  File "apps/frappe/frappe/utils/backups.py", line 457, in take_dump
    frappe.throw(
      self = <frappe.utils.backups.BackupGenerator object at 0x10baabbc0>
      shlex = <module 'shlex' from '/opt/homebrew/Cellar/python@3.12/3.12.12/Frameworks/Python.framework/Versions/3.12/lib/python3.12/shlex.py'>
      frappe = <module 'frappe' from 'apps/frappe/frappe/__init__.py'>
      get_app_branch = <function get_app_branch at 0x10b6272e0>
      gzip_exc = '/usr/bin/gzip'
      database_header_content = ['begin frappe metadata', '[frappe]', 'version = 15.87.0', 'branch = version-15', 'end frappe metadata', '']
      generated_header = '-- begin frappe metadata\n-- [frappe]\n-- version = 15.87.0\n-- branch = version-15\n-- end frappe metadata\n-- \n'
      f = <_io.TextIOWrapper name='./crm.localhost/private/backups/20251106_180003-crm_localhost-database.sql.gz' encoding='UTF-8'>
      cmd = []
      extra = []
      get_command = <function get_command at 0x109a3ba60>
      bin = None
      args = ['--user=_9814a4929be7d80c', '--host=127.0.0.1', '--port=3306', '--password=zQIkcR46Jtuxaaxx', '--single-transaction', '--quick', '--lock-tables=false', '_9814a4929be7d80c']
      bin_name = 'mariadb-dump'
  File "apps/frappe/frappe/__init__.py", line 609, in throw
    msgprint(
      msg = 'mariadb-dump not found in PATH! This is required to take a backup.'
      exc = <class 'frappe.exceptions.ExecutableNotFound'>
      title = None
      is_minimizable = False
      wide = False
      as_list = False
      primary_action = None
  File "apps/frappe/frappe/__init__.py", line 574, in msgprint
    _raise_exception()
      msg = 'mariadb-dump not found in PATH! This is required to take a backup.'
      title = None
      raise_exception = <class 'frappe.exceptions.ExecutableNotFound'>
      as_table = False
      as_list = False
      indicator = 'red'
      alert = False
      primary_action = None
      is_minimizable = False
      wide = False
      realtime = False
      sys = <module 'sys' (built-in)>
      _raise_exception = <function msgprint.<locals>._raise_exception at 0x10ba8be20>
      inspect = <module 'inspect' from '/opt/homebrew/Cellar/python@3.12/3.12.12/Frameworks/Python.framework/Versions/3.12/lib/python3.12/inspect.py'>
      out = {'message': 'mariadb-dump not found in PATH! This is required to take a backup.', 'title': 'Message', 'indicator': 'red', 'raise_exception': 1, '__frappe_exc_id': 'cf70a79a648bb9a001401b2fc3ac0310311c7c9123417b7eefbb2ee2'}
  File "apps/frappe/frappe/__init__.py", line 525, in _raise_exception
    raise exc
      exc = ExecutableNotFound('mariadb-dump not found in PATH! This is required to take a backup.')
      inspect = <module 'inspect' from '/opt/homebrew/Cellar/python@3.12/3.12.12/Frameworks/Python.framework/Versions/3.12/lib/python3.12/inspect.py'>
      msg = 'mariadb-dump not found in PATH! This is required to take a backup.'
      out = {'message': 'mariadb-dump not found in PATH! This is required to take a backup.', 'title': 'Message', 'indicator': 'red', 'raise_exception': 1, '__frappe_exc_id': 'cf70a79a648bb9a001401b2fc3ac0310311c7c9123417b7eefbb2ee2'}
      raise_exception = <class 'frappe.exceptions.ExecutableNotFound'>
frappe.exceptions.ExecutableNotFound: mariadb-dump not found in PATH! This is required to take a backup.
Backup failed for Site crm.localhost. Database or site_config.json may be corrupted
Traceback with variables (most recent call last):
  File "apps/frappe/frappe/commands/site.py", line 845, in backup
    odb = scheduled_backup(
      context = {'sites': ['crm.localhost', 'insights.localhost', 'library.localhost'], 'force': False, 'verbose': True, 'profile': False}
      with_files = False
      backup_path = None
      backup_path_db = None
      backup_path_files = None
      backup_path_private_files = None
      backup_path_conf = None
      ignore_backup_conf = False
      verbose = True
      compress = False
      include = ''
      exclude = ''
      old_backup_metadata = False
      scheduled_backup = <function scheduled_backup at 0x109a72200>
      exit_code = 0
      rollback_callback = None
      site = 'crm.localhost'
  File "apps/frappe/frappe/utils/backups.py", line 568, in scheduled_backup
    return new_backup(
      older_than = 6
      ignore_files = True
      backup_path = None
      backup_path_db = None
      backup_path_files = None
      backup_path_private_files = None
      backup_path_conf = None
      ignore_conf = False
      include_doctypes = ''
      exclude_doctypes = ''
      compress = False
      force = True
      verbose = True
      old_backup_metadata = False
      rollback_callback = <frappe.utils.CallbackManager object at 0x10a063b50>
  File "apps/frappe/frappe/utils/backups.py", line 626, in new_backup
    odb.get_backup(older_than, ignore_files, force=force)
      older_than = 6
      ignore_files = True
      backup_path = None
      backup_path_db = None
      backup_path_files = None
      backup_path_private_files = None
      backup_path_conf = None
      ignore_conf = False
      include_doctypes = ''
      exclude_doctypes = ''
      compress = False
      force = True
      verbose = True
      old_backup_metadata = False
      rollback_callback = <frappe.utils.CallbackManager object at 0x10a063b50>
      odb = <frappe.utils.backups.BackupGenerator object at 0x10a063bf0>
  File "apps/frappe/frappe/utils/backups.py", line 195, in get_backup
    self.delete_if_step_fails(self.take_dump, self.backup_path_db)
      self = <frappe.utils.backups.BackupGenerator object at 0x10a063bf0>
      older_than = 6
      ignore_files = True
      force = True
      last_db = False
      last_file = False
      last_private_file = False
      site_config_backup_path = False
  File "apps/frappe/frappe/utils/backups.py", line 520, in delete_if_step_fails
    raise e
      self = <frappe.utils.backups.BackupGenerator object at 0x10a063bf0>
      step = <bound method BackupGenerator.take_dump of <frappe.utils.backups.BackupGenerator object at 0x10a063bf0>>
      paths = ('./crm.localhost/private/backups/20251107_000002-crm_localhost-database.sql.gz',)
      path = './crm.localhost/private/backups/20251107_000002-crm_localhost-database.sql.gz'
  File "apps/frappe/frappe/utils/backups.py", line 515, in delete_if_step_fails
    step()
      self = <frappe.utils.backups.BackupGenerator object at 0x10a063bf0>
      step = <bound method BackupGenerator.take_dump of <frappe.utils.backups.BackupGenerator object at 0x10a063bf0>>
      paths = ('./crm.localhost/private/backups/20251107_000002-crm_localhost-database.sql.gz',)
      path = './crm.localhost/private/backups/20251107_000002-crm_localhost-database.sql.gz'
  File "apps/frappe/frappe/utils/backups.py", line 457, in take_dump
    frappe.throw(
      self = <frappe.utils.backups.BackupGenerator object at 0x10a063bf0>
      shlex = <module 'shlex' from '/opt/homebrew/Cellar/python@3.12/3.12.12/Frameworks/Python.framework/Versions/3.12/lib/python3.12/shlex.py'>
      frappe = <module 'frappe' from 'apps/frappe/frappe/__init__.py'>
      get_app_branch = <function get_app_branch at 0x10b98b2e0>
      gzip_exc = '/usr/bin/gzip'
      database_header_content = ['begin frappe metadata', '[frappe]', 'version = 15.87.0', 'branch = version-15', 'end frappe metadata', '']
      generated_header = '-- begin frappe metadata\n-- [frappe]\n-- version = 15.87.0\n-- branch = version-15\n-- end frappe metadata\n-- \n'
      f = <_io.TextIOWrapper name='./crm.localhost/private/backups/20251107_000002-crm_localhost-database.sql.gz' encoding='UTF-8'>
      cmd = []
      extra = []
      get_command = <function get_command at 0x109ecba60>
      bin = None
      args = ['--user=_9814a4929be7d80c', '--host=127.0.0.1', '--port=3306', '--password=zQIkcR46Jtuxaaxx', '--single-transaction', '--quick', '--lock-tables=false', '_9814a4929be7d80c']
      bin_name = 'mariadb-dump'
  File "apps/frappe/frappe/__init__.py", line 609, in throw
    msgprint(
      msg = 'mariadb-dump not found in PATH! This is required to take a backup.'
      exc = <class 'frappe.exceptions.ExecutableNotFound'>
      title = None
      is_minimizable = False
      wide = False
      as_list = False
      primary_action = None
  File "apps/frappe/frappe/__init__.py", line 574, in msgprint
    _raise_exception()
      msg = 'mariadb-dump not found in PATH! This is required to take a backup.'
      title = None
      raise_exception = <class 'frappe.exceptions.ExecutableNotFound'>
      as_table = False
      as_list = False
      indicator = 'red'
      alert = False
      primary_action = None
      is_minimizable = False
      wide = False
      realtime = False
      sys = <module 'sys' (built-in)>
      _raise_exception = <function msgprint.<locals>._raise_exception at 0x10b99dd00>
      inspect = <module 'inspect' from '/opt/homebrew/Cellar/python@3.12/3.12.12/Frameworks/Python.framework/Versions/3.12/lib/python3.12/inspect.py'>
      out = {'message': 'mariadb-dump not found in PATH! This is required to take a backup.', 'title': 'Message', 'indicator': 'red', 'raise_exception': 1, '__frappe_exc_id': '3bc47b50157a27579e2450493accd12e33bf49341312a1a5f4c29187'}
  File "apps/frappe/frappe/__init__.py", line 525, in _raise_exception
    raise exc
      exc = ExecutableNotFound('mariadb-dump not found in PATH! This is required to take a backup.')
      inspect = <module 'inspect' from '/opt/homebrew/Cellar/python@3.12/3.12.12/Frameworks/Python.framework/Versions/3.12/lib/python3.12/inspect.py'>
      msg = 'mariadb-dump not found in PATH! This is required to take a backup.'
      out = {'message': 'mariadb-dump not found in PATH! This is required to take a backup.', 'title': 'Message', 'indicator': 'red', 'raise_exception': 1, '__frappe_exc_id': '3bc47b50157a27579e2450493accd12e33bf49341312a1a5f4c29187'}
      raise_exception = <class 'frappe.exceptions.ExecutableNotFound'>
frappe.exceptions.ExecutableNotFound: mariadb-dump not found in PATH! This is required to take a backup.
Backup failed for Site insights.localhost. Database or site_config.json may be corrupted
Traceback with variables (most recent call last):
  File "apps/frappe/frappe/commands/site.py", line 845, in backup
    odb = scheduled_backup(
      context = {'sites': ['crm.localhost', 'insights.localhost', 'library.localhost'], 'force': False, 'verbose': True, 'profile': False}
      with_files = False
      backup_path = None
      backup_path_db = None
      backup_path_files = None
      backup_path_private_files = None
      backup_path_conf = None
      ignore_backup_conf = False
      verbose = True
      compress = False
      include = ''
      exclude = ''
      old_backup_metadata = False
      scheduled_backup = <function scheduled_backup at 0x109a72200>
      exit_code = 1
      rollback_callback = None
      site = 'insights.localhost'
  File "apps/frappe/frappe/utils/backups.py", line 568, in scheduled_backup
    return new_backup(
      older_than = 6
      ignore_files = True
      backup_path = None
      backup_path_db = None
      backup_path_files = None
      backup_path_private_files = None
      backup_path_conf = None
      ignore_conf = False
      include_doctypes = ''
      exclude_doctypes = ''
      compress = False
      force = True
      verbose = True
      old_backup_metadata = False
      rollback_callback = <frappe.utils.CallbackManager object at 0x1084e0e20>
  File "apps/frappe/frappe/utils/backups.py", line 626, in new_backup
    odb.get_backup(older_than, ignore_files, force=force)
      older_than = 6
      ignore_files = True
      backup_path = None
      backup_path_db = None
      backup_path_files = None
      backup_path_private_files = None
      backup_path_conf = None
      ignore_conf = False
      include_doctypes = ''
      exclude_doctypes = ''
      compress = False
      force = True
      verbose = True
      old_backup_metadata = False
      rollback_callback = <frappe.utils.CallbackManager object at 0x1084e0e20>
      odb = <frappe.utils.backups.BackupGenerator object at 0x108902cf0>
  File "apps/frappe/frappe/utils/backups.py", line 195, in get_backup
    self.delete_if_step_fails(self.take_dump, self.backup_path_db)
      self = <frappe.utils.backups.BackupGenerator object at 0x108902cf0>
      older_than = 6
      ignore_files = True
      force = True
      last_db = False
      last_file = False
      last_private_file = False
      site_config_backup_path = False
  File "apps/frappe/frappe/utils/backups.py", line 520, in delete_if_step_fails
    raise e
      self = <frappe.utils.backups.BackupGenerator object at 0x108902cf0>
      step = <bound method BackupGenerator.take_dump of <frappe.utils.backups.BackupGenerator object at 0x108902cf0>>
      paths = ('./crm.localhost/private/backups/20251107_000002-crm_localhost-database.sql.gz',)
      path = './crm.localhost/private/backups/20251107_000002-crm_localhost-database.sql.gz'
  File "apps/frappe/frappe/utils/backups.py", line 515, in delete_if_step_fails
    step()
      self = <frappe.utils.backups.BackupGenerator object at 0x108902cf0>
      step = <bound method BackupGenerator.take_dump of <frappe.utils.backups.BackupGenerator object at 0x108902cf0>>
      paths = ('./crm.localhost/private/backups/20251107_000002-crm_localhost-database.sql.gz',)
      path = './crm.localhost/private/backups/20251107_000002-crm_localhost-database.sql.gz'
  File "apps/frappe/frappe/utils/backups.py", line 457, in take_dump
    frappe.throw(
      self = <frappe.utils.backups.BackupGenerator object at 0x108902cf0>
      shlex = <module 'shlex' from '/opt/homebrew/Cellar/python@3.12/3.12.12/Frameworks/Python.framework/Versions/3.12/lib/python3.12/shlex.py'>
      frappe = <module 'frappe' from 'apps/frappe/frappe/__init__.py'>
      get_app_branch = <function get_app_branch at 0x10b98b2e0>
      gzip_exc = '/usr/bin/gzip'
      database_header_content = ['begin frappe metadata', '[frappe]', 'version = 15.87.0', 'branch = version-15', 'end frappe metadata', '']
      generated_header = '-- begin frappe metadata\n-- [frappe]\n-- version = 15.87.0\n-- branch = version-15\n-- end frappe metadata\n-- \n'
      f = <_io.TextIOWrapper name='./crm.localhost/private/backups/20251107_000002-crm_localhost-database.sql.gz' encoding='UTF-8'>
      cmd = []
      extra = []
      get_command = <function get_command at 0x109ecba60>
      bin = None
      args = ['--user=_9814a4929be7d80c', '--host=127.0.0.1', '--port=3306', '--password=zQIkcR46Jtuxaaxx', '--single-transaction', '--quick', '--lock-tables=false', '_9814a4929be7d80c']
      bin_name = 'mariadb-dump'
  File "apps/frappe/frappe/__init__.py", line 609, in throw
    msgprint(
      msg = 'mariadb-dump not found in PATH! This is required to take a backup.'
      exc = <class 'frappe.exceptions.ExecutableNotFound'>
      title = None
      is_minimizable = False
      wide = False
      as_list = False
      primary_action = None
  File "apps/frappe/frappe/__init__.py", line 574, in msgprint
    _raise_exception()
      msg = 'mariadb-dump not found in PATH! This is required to take a backup.'
      title = None
      raise_exception = <class 'frappe.exceptions.ExecutableNotFound'>
      as_table = False
      as_list = False
      indicator = 'red'
      alert = False
      primary_action = None
      is_minimizable = False
      wide = False
      realtime = False
      sys = <module 'sys' (built-in)>
      _raise_exception = <function msgprint.<locals>._raise_exception at 0x10bdf09a0>
      inspect = <module 'inspect' from '/opt/homebrew/Cellar/python@3.12/3.12.12/Frameworks/Python.framework/Versions/3.12/lib/python3.12/inspect.py'>
      out = {'message': 'mariadb-dump not found in PATH! This is required to take a backup.', 'title': 'Message', 'indicator': 'red', 'raise_exception': 1, '__frappe_exc_id': '4f413ca61f368636a6cbfcca01787caf4818829dd3308bd559dea168'}
  File "apps/frappe/frappe/__init__.py", line 525, in _raise_exception
    raise exc
      exc = ExecutableNotFound('mariadb-dump not found in PATH! This is required to take a backup.')
      inspect = <module 'inspect' from '/opt/homebrew/Cellar/python@3.12/3.12.12/Frameworks/Python.framework/Versions/3.12/lib/python3.12/inspect.py'>
      msg = 'mariadb-dump not found in PATH! This is required to take a backup.'
      out = {'message': 'mariadb-dump not found in PATH! This is required to take a backup.', 'title': 'Message', 'indicator': 'red', 'raise_exception': 1, '__frappe_exc_id': '4f413ca61f368636a6cbfcca01787caf4818829dd3308bd559dea168'}
      raise_exception = <class 'frappe.exceptions.ExecutableNotFound'>
frappe.exceptions.ExecutableNotFound: mariadb-dump not found in PATH! This is required to take a backup.
Backup failed for Site library.localhost. Database or site_config.json may be corrupted
Traceback with variables (most recent call last):
  File "apps/frappe/frappe/commands/site.py", line 845, in backup
    odb = scheduled_backup(
      context = {'sites': ['crm.localhost', 'insights.localhost', 'library.localhost'], 'force': False, 'verbose': True, 'profile': False}
      with_files = False
      backup_path = None
      backup_path_db = None
      backup_path_files = None
      backup_path_private_files = None
      backup_path_conf = None
      ignore_backup_conf = False
      verbose = True
      compress = False
      include = ''
      exclude = ''
      old_backup_metadata = False
      scheduled_backup = <function scheduled_backup at 0x109a72200>
      exit_code = 1
      rollback_callback = None
      site = 'library.localhost'
  File "apps/frappe/frappe/utils/backups.py", line 568, in scheduled_backup
    return new_backup(
      older_than = 6
      ignore_files = True
      backup_path = None
      backup_path_db = None
      backup_path_files = None
      backup_path_private_files = None
      backup_path_conf = None
      ignore_conf = False
      include_doctypes = ''
      exclude_doctypes = ''
      compress = False
      force = True
      verbose = True
      old_backup_metadata = False
      rollback_callback = <frappe.utils.CallbackManager object at 0x10be1fbe0>
  File "apps/frappe/frappe/utils/backups.py", line 626, in new_backup
    odb.get_backup(older_than, ignore_files, force=force)
      older_than = 6
      ignore_files = True
      backup_path = None
      backup_path_db = None
      backup_path_files = None
      backup_path_private_files = None
      backup_path_conf = None
      ignore_conf = False
      include_doctypes = ''
      exclude_doctypes = ''
      compress = False
      force = True
      verbose = True
      old_backup_metadata = False
      rollback_callback = <frappe.utils.CallbackManager object at 0x10be1fbe0>
      odb = <frappe.utils.backups.BackupGenerator object at 0x10be1fbc0>
  File "apps/frappe/frappe/utils/backups.py", line 195, in get_backup
    self.delete_if_step_fails(self.take_dump, self.backup_path_db)
      self = <frappe.utils.backups.BackupGenerator object at 0x10be1fbc0>
      older_than = 6
      ignore_files = True
      force = True
      last_db = False
      last_file = False
      last_private_file = False
      site_config_backup_path = False
  File "apps/frappe/frappe/utils/backups.py", line 520, in delete_if_step_fails
    raise e
      self = <frappe.utils.backups.BackupGenerator object at 0x10be1fbc0>
      step = <bound method BackupGenerator.take_dump of <frappe.utils.backups.BackupGenerator object at 0x10be1fbc0>>
      paths = ('./crm.localhost/private/backups/20251107_000002-crm_localhost-database.sql.gz',)
      path = './crm.localhost/private/backups/20251107_000002-crm_localhost-database.sql.gz'
  File "apps/frappe/frappe/utils/backups.py", line 515, in delete_if_step_fails
    step()
      self = <frappe.utils.backups.BackupGenerator object at 0x10be1fbc0>
      step = <bound method BackupGenerator.take_dump of <frappe.utils.backups.BackupGenerator object at 0x10be1fbc0>>
      paths = ('./crm.localhost/private/backups/20251107_000002-crm_localhost-database.sql.gz',)
      path = './crm.localhost/private/backups/20251107_000002-crm_localhost-database.sql.gz'
  File "apps/frappe/frappe/utils/backups.py", line 457, in take_dump
    frappe.throw(
      self = <frappe.utils.backups.BackupGenerator object at 0x10be1fbc0>
      shlex = <module 'shlex' from '/opt/homebrew/Cellar/python@3.12/3.12.12/Frameworks/Python.framework/Versions/3.12/lib/python3.12/shlex.py'>
      frappe = <module 'frappe' from 'apps/frappe/frappe/__init__.py'>
      get_app_branch = <function get_app_branch at 0x10b98b2e0>
      gzip_exc = '/usr/bin/gzip'
      database_header_content = ['begin frappe metadata', '[frappe]', 'version = 15.87.0', 'branch = version-15', 'end frappe metadata', '']
      generated_header = '-- begin frappe metadata\n-- [frappe]\n-- version = 15.87.0\n-- branch = version-15\n-- end frappe metadata\n-- \n'
      f = <_io.TextIOWrapper name='./crm.localhost/private/backups/20251107_000002-crm_localhost-database.sql.gz' encoding='UTF-8'>
      cmd = []
      extra = []
      get_command = <function get_command at 0x109ecba60>
      bin = None
      args = ['--user=_9814a4929be7d80c', '--host=127.0.0.1', '--port=3306', '--password=zQIkcR46Jtuxaaxx', '--single-transaction', '--quick', '--lock-tables=false', '_9814a4929be7d80c']
      bin_name = 'mariadb-dump'
  File "apps/frappe/frappe/__init__.py", line 609, in throw
    msgprint(
      msg = 'mariadb-dump not found in PATH! This is required to take a backup.'
      exc = <class 'frappe.exceptions.ExecutableNotFound'>
      title = None
      is_minimizable = False
      wide = False
      as_list = False
      primary_action = None
  File "apps/frappe/frappe/__init__.py", line 574, in msgprint
    _raise_exception()
      msg = 'mariadb-dump not found in PATH! This is required to take a backup.'
      title = None
      raise_exception = <class 'frappe.exceptions.ExecutableNotFound'>
      as_table = False
      as_list = False
      indicator = 'red'
      alert = False
      primary_action = None
      is_minimizable = False
      wide = False
      realtime = False
      sys = <module 'sys' (built-in)>
      _raise_exception = <function msgprint.<locals>._raise_exception at 0x10bdf3e20>
      inspect = <module 'inspect' from '/opt/homebrew/Cellar/python@3.12/3.12.12/Frameworks/Python.framework/Versions/3.12/lib/python3.12/inspect.py'>
      out = {'message': 'mariadb-dump not found in PATH! This is required to take a backup.', 'title': 'Message', 'indicator': 'red', 'raise_exception': 1, '__frappe_exc_id': 'c75cd5b53db4e1729a2592dcf69a55cfc538b3cee6855efae955a517'}
  File "apps/frappe/frappe/__init__.py", line 525, in _raise_exception
    raise exc
      exc = ExecutableNotFound('mariadb-dump not found in PATH! This is required to take a backup.')
      inspect = <module 'inspect' from '/opt/homebrew/Cellar/python@3.12/3.12.12/Frameworks/Python.framework/Versions/3.12/lib/python3.12/inspect.py'>
      msg = 'mariadb-dump not found in PATH! This is required to take a backup.'
      out = {'message': 'mariadb-dump not found in PATH! This is required to take a backup.', 'title': 'Message', 'indicator': 'red', 'raise_exception': 1, '__frappe_exc_id': 'c75cd5b53db4e1729a2592dcf69a55cfc538b3cee6855efae955a517'}
      raise_exception = <class 'frappe.exceptions.ExecutableNotFound'>
frappe.exceptions.ExecutableNotFound: mariadb-dump not found in PATH! This is required to take a backup.
